Date,Investment,Currency,Value
2025-03-14,Ledger Wallet,USD,437.98
2025-03-14,WISE - EUR,EUR,10.25
2025-03-14,Trade Republic,EUR,14405.95
2025-03-14,RBC Bank Canada - USD,USD,3448.82
2025-03-14,HAPO Savings - USD,USD,492.09
2025-03-14,RBC,CAD,121063.21
2025-03-14,WISE - CAD,CAD,0.0
2025-03-14,Revolut - CLP,CLP,102092.0
2025-03-14,RBC Bank Canada - EUR,EUR,176.97
2025-03-14,HAPO Checking - USD,USD,163.34
2025-03-14,Binance,USD,14397.55
2025-03-14,Revolut - CAD,CAD,10.0
2025-03-14,WISE - USD,USD,0.36
2025-03-14,Phantom Wallet,USD,247.44
2025-03-14,RBC Bank Canada - CAD,CAD,14.57
2025-03-14,Revolut - EUR,EUR,4266.52
2025-03-14,N26 - EUR,EUR,101.68
2025-03-14,Sui Wallet,USD,2.1
2025-03-14,RBC Bank US - USD,USD,651.45
2025-03-14,WISE - CLP,CLP,64378.0
2025-03-14,401k,USD,40263.39
2025-03-14,Revolut - USD,USD,0.0
2025-03-13,RBC,CAD,121966.73
2025-03-13,RBC Bank Canada - USD,USD,513.82
2025-03-13,N26 - EUR,EUR,101.68
2025-03-13,WISE - EUR,EUR,10.25
2025-03-13,Revolut - CLP,CLP,102092.0
2025-03-13,RBC Bank US - USD,USD,651.45
2025-03-13,Revolut - CAD,CAD,10.0
2025-03-13,RBC Bank Canada - EUR,EUR,176.97
2025-03-13,HAPO Checking - USD,USD,163.34
2025-03-13,Binance,USD,13835.78
2025-03-13,Phantom Wallet,USD,247.44
2025-03-13,Revolut - USD,USD,0.0
2025-03-13,Revolut - EUR,EUR,4272.34
2025-03-13,Sui Wallet,USD,2.1
2025-03-13,RBC Bank Canada - CAD,CAD,14.57
2025-03-13,401k,USD,41039.03
2025-03-13,HAPO Savings - USD,USD,492.09
2025-03-13,Ledger Wallet,USD,417.18
2025-03-13,WISE - CAD,CAD,0.0
2025-03-13,WISE - CLP,CLP,64378.0
2025-03-13,WISE - USD,USD,0.36
2025-03-13,Trade Republic,EUR,14012.22
2025-03-12,WISE - CLP,CLP,64378.0
2025-03-12,Revolut - CAD,CAD,10.0
2025-03-12,Revolut - CLP,CLP,102092.0
2025-03-12,Revolut - EUR,EUR,4272.34
2025-03-12,RBC,CAD,121313.43
2025-03-12,N26 - EUR,EUR,101.68
2025-03-12,Ledger Wallet,USD,418.71
2025-03-12,Phantom Wallet,USD,249.0
2025-03-12,Binance,USD,13865.67
2025-03-12,401k,USD,40627.87
2025-03-12,RBC Bank US - USD,USD,651.45
2025-03-12,RBC Bank Canada - USD,USD,513.82
2025-03-12,RBC Bank Canada - CAD,CAD,14.57
2025-03-12,WISE - EUR,EUR,10.25
2025-03-12,WISE - CAD,CAD,0.0
2025-03-12,HAPO Savings - USD,USD,492.09
2025-03-12,Trade Republic,EUR,14237.69
2025-03-12,Sui Wallet,USD,2.14
2025-03-12,HAPO Checking - USD,USD,163.34
2025-03-12,WISE - USD,USD,0.36
2025-03-12,Revolut - USD,USD,0.0
2025-03-12,RBC Bank Canada - EUR,EUR,176.97
2025-03-11,Revolut - EUR,EUR,4273.73
2025-03-11,N26 - EUR,EUR,101.68
2025-03-11,Binance,USD,14221.64
2025-03-11,Revolut - CLP,CLP,102092.0
2025-03-11,RBC Bank US - USD,USD,651.45
2025-03-11,Revolut - CAD,CAD,10.0
2025-03-11,RBC Bank Canada - CAD,CAD,14.57
2025-03-11,401k,USD,40651.16
2025-03-11,WISE - EUR,EUR,10.25
2025-03-11,Trade Republic,EUR,13358.83
2025-03-11,WISE - CLP,CLP,64378.0
2025-03-11,RBC,CAD,121951.75
2025-03-11,HAPO Checking - USD,USD,163.34
2025-03-11,WISE - USD,USD,0.36
2025-03-11,RBC Bank Canada - USD,USD,513.82
2025-03-11,RBC Bank Canada - EUR,EUR,176.97
2025-03-11,HAPO Savings - USD,USD,492.09
2025-03-08,N26 - EUR,EUR,101.68
2025-03-08,Trade Republic,EUR,14676.99
2025-03-08,Binance,USD,15273.63
2025-03-08,401k,USD,42161.22
2025-03-08,Revolut - CAD,CAD,10.0
2025-03-08,RBC Bank Canada - EUR,EUR,176.97
2025-03-08,HAPO Savings - USD,USD,492.09
2025-03-08,RBC Bank Canada - CAD,CAD,14.57
2025-03-08,WISE - USD,USD,0.36
2025-03-08,Revolut - EUR,EUR,4321.98
2025-03-08,WISE - CLP,CLP,64378.0
2025-03-08,RBC Bank US - USD,USD,651.45
2025-03-08,RBC,CAD,124410.57
2025-03-08,HAPO Checking - USD,USD,163.34
2025-03-08,WISE - EUR,EUR,10.25
2025-03-08,Revolut - CLP,CLP,102092.0
2025-03-08,RBC Bank Canada - USD,USD,513.82
2025-03-07,Revolut - CAD,CAD,10.0
2025-03-07,N26 - EUR,EUR,356.84
2025-03-07,RBC Bank Canada - USD,USD,513.24
2025-03-07,WISE - CLP,CLP,64378.0
2025-03-07,Revolut - EUR,EUR,1301.8
2025-03-07,Trade Republic,EUR,14681.88
2025-03-07,Binance,USD,19321.29
2025-03-07,WISE - EUR,EUR,10.05
2025-03-07,RBC Bank Canada - EUR,EUR,176.97
2025-03-07,HAPO Checking - USD,USD,163.34
2025-03-07,401k,USD,42115.63
2025-03-07,Revolut - CLP,CLP,97069.0
2025-03-07,WISE - USD,USD,0.01
2025-03-07,RBC,CAD,123327.39
2025-03-07,RBC Bank Canada - CAD,CAD,14.57
2025-03-07,RBC Bank US - USD,USD,651.45
2025-03-07,HAPO Savings - USD,USD,492.09
2025-01-30,WISE - EUR,EUR,10.05
2025-01-30,Revolut - CAD,CAD,10.0
2025-01-30,RBC Bank Canada - EUR,EUR,176.97
2025-01-30,WISE - CLP,CLP,64378.0
2025-01-30,HAPO Savings - USD,USD,492.09
2025-01-30,401k,USD,45212.72
2025-01-30,Revolut - CLP,CLP,97069.0
2025-01-30,Binance,USD,32270.24
2025-01-30,RBC Bank Canada - CAD,CAD,14.57
2025-01-30,RBC,CAD,126665.53
2025-01-30,Trade Republic,EUR,20910.53
2025-01-30,HAPO Checking - USD,USD,267.02
2025-01-30,RBC Bank Canada - USD,USD,513.24
2025-01-30,RBC Bank US - USD,USD,651.45
2025-01-30,Revolut - EUR,EUR,5435.72
2025-01-30,WISE - USD,USD,0.01
2025-01-30,N26 - EUR,EUR,356.84
2025-01-26,HAPO Savings - USD,USD,492.09
2025-01-26,Revolut - EUR,EUR,6577.52
2025-01-26,Trade Republic,EUR,22434.62
2025-01-26,N26 - EUR,EUR,86.84
2025-01-26,WISE - EUR,EUR,10.05
2025-01-26,HAPO Checking - USD,USD,289.02
2025-01-26,401k,USD,45411.78
2025-01-26,Revolut - CLP,CLP,97069.0
2025-01-26,Revolut - CAD,CAD,10.0
2025-01-26,RBC Bank Canada - CAD,CAD,14.57
2025-01-26,Binance,USD,32250.86
2025-01-26,RBC Bank Canada - USD,USD,513.24
2025-01-26,RBC Bank Canada - EUR,EUR,176.97
2025-01-26,WISE - USD,USD,0.01
2025-01-26,WISE - CLP,CLP,64378.0
2025-01-26,RBC,CAD,127101.93
2025-01-26,RBC Bank US - USD,USD,651.45
2025-01-25,WISE - EUR,EUR,0.05
2025-01-25,WISE - USD,USD,0.01
2025-01-25,Revolut - EUR,EUR,892.14
2025-01-25,N26 - EUR,EUR,86.84
2025-01-25,HAPO Checking - USD,USD,1291.52
2025-01-25,HAPO Savings - USD,USD,492.09
2025-01-25,Trade Republic,EUR,22434.62
2025-01-25,RBC,CAD,127101.93
2025-01-25,401k,USD,45411.78
2025-01-25,RBC Bank US - USD,USD,651.45
2025-01-25,RBC Bank Canada - EUR,EUR,176.97
2025-01-25,WISE - CLP,CLP,64378.0
2025-01-25,Revolut - CAD,CAD,10.0
2025-01-25,Binance,USD,37309.12
2025-01-25,RBC Bank Canada - CAD,CAD,14.57
2025-01-25,RBC Bank Canada - USD,USD,513.24
2025-01-25,Revolut - CLP,CLP,97069.0
2025-01-24,WISE - CLP,CLP,64378.0
2025-01-24,Revolut - CLP,CLP,97069.0
2025-01-24,WISE - USD,USD,0.01
2025-01-24,HAPO Savings - USD,USD,492.09
2025-01-24,RBC Bank US - USD,USD,651.45
2025-01-24,RBC Bank Canada - USD,USD,513.24
2025-01-24,Revolut - EUR,EUR,892.14
2025-01-24,Trade Republic,EUR,22434.62
2025-01-24,RBC,CAD,127223.73
2025-01-24,401k,USD,45559.31
2025-01-24,Binance,USD,37442.74
2025-01-24,HAPO Checking - USD,USD,1291.52
2025-01-24,N26 - EUR,EUR,86.84
2025-01-24,RBC Bank Canada - CAD,CAD,14.57
2025-01-24,RBC Bank Canada - EUR,EUR,176.97
2025-01-24,Revolut - CAD,CAD,10.0
2025-01-24,WISE - EUR,EUR,0.05
2025-01-23,Trade Republic,EUR,23058.5
2025-01-23,HAPO Savings - USD,USD,492.09
2025-01-23,RBC,CAD,126681.16
2025-01-23,N26 - EUR,EUR,86.84
2025-01-23,RBC Bank Canada - CAD,CAD,14.57
2025-01-23,HAPO Checking - USD,USD,1291.52
2025-01-23,Binance,USD,37585.91
2025-01-23,Revolut - EUR,EUR,928.91
2025-01-23,Revolut - CLP,CLP,97069.0
2025-01-23,Revolut - CAD,CAD,10.0
2025-01-23,WISE - CLP,CLP,64378.0
2025-01-23,WISE - EUR,EUR,0.05
2025-01-23,401k,USD,45381.01
2025-01-23,RBC Bank Canada - USD,USD,513.24
2025-01-23,RBC Bank Canada - EUR,EUR,176.97
2025-01-23,WISE - USD,USD,0.01
2025-01-23,RBC Bank US - USD,USD,651.45
2025-01-22,Revolut - EUR,EUR,971.25
2025-01-22,N26 - EUR,EUR,86.84
2025-01-22,HAPO Checking - USD,USD,1291.52
2025-01-22,Binance,USD,39046.82
2025-01-22,RBC Bank Canada - CAD,CAD,14.57
2025-01-22,Revolut - CLP,CLP,97069.0
2025-01-22,RBC Bank Canada - USD,USD,513.24
2025-01-22,WISE - USD,USD,0.01
2025-01-22,RBC,CAD,125961.42
2025-01-22,HAPO Savings - USD,USD,492.09
2025-01-22,WISE - CLP,CLP,64378.0
2025-01-22,RBC Bank US - USD,USD,651.45
2025-01-22,Trade Republic,EUR,23329.6
2025-01-22,RBC Bank Canada - EUR,EUR,176.97
2025-01-22,401k,USD,44791.86
2025-01-22,WISE - EUR,EUR,0.05
2025-01-22,Revolut - CAD,CAD,10.0
2025-01-21,Trade Republic,EUR,22933.19
2025-01-21,HAPO Checking - USD,USD,1291.52
2025-01-21,Revolut - CLP,CLP,97069.0
2025-01-21,WISE - USD,USD,0.01
2025-01-21,RBC Bank Canada - CAD,CAD,14.57
2025-01-21,RBC Bank US - USD,USD,651.45
2025-01-21,WISE - EUR,EUR,0.05
2025-01-21,401k,USD,44385.67
2025-01-21,Revolut - CAD,CAD,10.0
2025-01-21,RBC Bank Canada - EUR,EUR,176.97
2025-01-21,HAPO Savings - USD,USD,492.09
2025-01-21,WISE - CLP,CLP,64378.0
2025-01-21,Binance,USD,39272.68
2025-01-21,Revolut - EUR,EUR,981.25
2025-01-21,RBC,CAD,124904.94
2025-01-21,RBC Bank Canada - USD,USD,513.24
2025-01-21,N26 - EUR,EUR,86.84
2025-01-20,N26 - EUR,EUR,86.84
2025-01-20,RBC Bank US - USD,USD,651.45
2025-01-20,WISE - CLP,CLP,64378.0
2025-01-20,HAPO Checking - USD,USD,1291.52
2025-01-20,Revolut - CLP,CLP,97069.0
2025-01-20,RBC Bank Canada - CAD,CAD,14.57
2025-01-20,RBC Bank Canada - USD,USD,513.24
2025-01-20,Binance,USD,39131.74
2025-01-20,Trade Republic,EUR,23213.74
2025-01-20,Revolut - EUR,EUR,990.39
2025-01-20,401k,USD,44385.67
2025-01-20,WISE - EUR,EUR,0.05
2025-01-20,RBC Bank Canada - EUR,EUR,176.97
2025-01-20,Revolut - CAD,CAD,10.0
2025-01-20,RBC,CAD,125416.9
2025-01-20,HAPO Savings - USD,USD,492.09
2025-01-20,WISE - USD,USD,0.01
2025-01-18,Revolut - CAD,CAD,10.0
2025-01-18,WISE - CLP,CLP,64378.0
2025-01-18,HAPO Savings - USD,USD,492.09
2025-01-18,RBC Bank Canada - EUR,EUR,176.97
2025-01-18,RBC Bank US - USD,USD,651.45
2025-01-18,RBC Bank Canada - CAD,CAD,14.57
2025-01-18,Revolut - CLP,CLP,97069.0
2025-01-18,N26 - EUR,EUR,86.84
2025-01-18,Revolut - EUR,EUR,1012.19
2025-01-18,RBC Bank Canada - USD,USD,513.24
2025-01-18,401k,USD,44385.67
2025-01-18,WISE - EUR,EUR,0.05
2025-01-18,HAPO Checking - USD,USD,1291.52
2025-01-18,Binance,USD,36654.32
2025-01-18,RBC,CAD,125416.9
2025-01-18,WISE - USD,USD,0.01
2025-01-18,Trade Republic,EUR,23111.35
2025-01-17,RBC Bank Canada - EUR,EUR,176.97
2025-01-17,RBC Bank Canada - USD,USD,513.24
2025-01-17,Revolut - CLP,CLP,97069.0
2025-01-17,N26 - EUR,EUR,86.84
2025-01-17,Binance,USD,34942.87
2025-01-17,HAPO Checking - USD,USD,1291.52
2025-01-17,RBC Bank US - USD,USD,651.45
2025-01-17,RBC Bank Canada - CAD,CAD,14.57
2025-01-17,RBC,CAD,124072.53
2025-01-17,Trade Republic,EUR,23205.88
2025-01-17,401k,USD,43998.62
2025-01-17,WISE - EUR,EUR,0.05
2025-01-17,Revolut - CAD,CAD,10.0
2025-01-17,Revolut - EUR,EUR,1037.41
2025-01-17,HAPO Savings - USD,USD,492.09
2025-01-17,WISE - CLP,CLP,64378.0
2025-01-17,WISE - USD,USD,0.01
2025-01-07,N26 - EUR,EUR,94.64
2025-01-07,WISE - USD,USD,613.29
2025-01-07,HAPO Savings - USD,USD,492.09
2025-01-07,RBC,CAD,124400.15
2025-01-07,Trade Republic,EUR,23470.52
2025-01-07,RBC Bank Canada - USD,USD,513.24
2025-01-07,RBC Bank Canada - EUR,EUR,176.97
2025-01-07,WISE - EUR,EUR,0.01
2025-01-07,Binance,USD,35609.35
2025-01-07,HAPO Checking - USD,USD,1308.52
2025-01-07,WISE - CLP,CLP,64378.0
2025-01-07,RBC Bank US - USD,USD,651.45
2025-01-07,RBC Bank Canada - CAD,CAD,14.57
2025-01-07,Revolut - EUR,EUR,656.04
2025-01-07,Revolut - CAD,CAD,10.0
2025-01-07,401k,USD,44892.79
2025-01-07,Revolut - CLP,CLP,97069.0
2025-01-06,HAPO Savings - USD,USD,492.09
2025-01-06,RBC Bank Canada - CAD,CAD,14.57
2025-01-06,RBC,CAD,124727.13
2025-01-06,RBC Bank Canada - USD,USD,513.24
2025-01-06,Trade Republic,EUR,23538.52
2025-01-06,Revolut - CLP,CLP,97069.0
2025-01-06,N26 - EUR,EUR,94.64
2025-01-06,HAPO Checking - USD,USD,1308.52
2025-01-06,WISE - CLP,CLP,64378.0
2025-01-06,RBC Bank US - USD,USD,651.45
2025-01-06,401k,USD,44461.92
2025-01-06,Revolut - CAD,CAD,10.0
2025-01-06,Revolut - EUR,EUR,656.04
2025-01-06,RBC Bank Canada - EUR,EUR,176.97
2025-01-06,WISE - EUR,EUR,0.01
2025-01-06,Binance,USD,35587.95
2025-01-06,WISE - USD,USD,613.29
2025-01-05,WISE - USD,USD,613.29
2025-01-05,RBC Bank US - USD,USD,651.45
2025-01-05,Revolut - CLP,CLP,97069.0
2025-01-05,WISE - EUR,EUR,0.01
2025-01-05,Binance,USD,35874.52
2025-01-05,WISE - CLP,CLP,64378.0
2025-01-05,RBC Bank Canada - USD,USD,513.24
2025-01-05,Revolut - CAD,CAD,10.0
2025-01-05,401k,USD,44461.92
2025-01-05,HAPO Savings - USD,USD,492.09
2025-01-05,HAPO Checking - USD,USD,1308.52
2025-01-05,RBC,CAD,124727.13
2025-01-05,Revolut - EUR,EUR,681.72
2025-01-05,RBC Bank Canada - CAD,CAD,14.57
2025-01-05,RBC Bank Canada - EUR,EUR,176.97
2025-01-05,N26 - EUR,EUR,94.64
2025-01-05,Trade Republic,EUR,23342.71
2024-12-19,Revolut - EUR,EUR,2028.67
2024-12-19,Revolut - CAD,CAD,10.0
2024-12-19,Trade Republic,EUR,24386.71
2024-12-19,WISE - EUR,EUR,11.37
2024-12-19,N26 - EUR,EUR,184.03
2024-12-19,RBC Bank US - USD,USD,651.45
2024-12-19,Binance,USD,34498.73
2024-12-19,HAPO Checking - USD,USD,354.36
2024-12-19,WISE - USD,USD,1123.6
2024-12-19,RBC Bank Canada - CAD,CAD,14.57
2024-12-19,HAPO Savings - USD,USD,491.95
2024-12-19,RBC,CAD,123379.92
2024-12-19,RBC Bank Canada - EUR,EUR,176.97
2024-12-19,Revolut - CLP,CLP,97069.0
2024-12-19,401k,USD,43970.24
2024-12-19,RBC Bank Canada - USD,USD,513.24
2024-12-19,WISE - CLP,CLP,216262.0
2024-12-17,HAPO Savings - USD,USD,491.95
2024-12-17,RBC Bank US - USD,USD,651.45
2024-12-17,Binance,USD,40222.58
2024-12-17,RBC,CAD,125825.37
2024-12-17,N26 - EUR,EUR,184.03
2024-12-17,WISE - CLP,CLP,216262.0
2024-12-17,Revolut - EUR,EUR,43.89
2024-12-17,HAPO Checking - USD,USD,2359.36
2024-12-17,RBC Bank Canada - USD,USD,1513.24
2024-12-17,RBC Bank Canada - CAD,CAD,14.57
2024-12-17,WISE - USD,USD,1671.21
2024-12-17,Revolut - CAD,CAD,10.0
2024-12-17,Revolut - CLP,CLP,97069.0
2024-12-17,401k,USD,45513.76
2024-12-17,WISE - EUR,EUR,61.37
2024-12-17,Trade Republic,EUR,26000.11
2024-12-17,RBC Bank Canada - EUR,EUR,176.97
2024-12-16,Binance,USD,41278.7
2024-12-16,Revolut - CLP,CLP,97069.0
2024-12-16,WISE - EUR,EUR,61.37
2024-12-16,RBC Bank Canada - EUR,EUR,176.97
2024-12-16,HAPO Savings - USD,USD,491.95
2024-12-16,401k,USD,45287.12
2024-12-16,RBC Bank Canada - USD,USD,1513.24
2024-12-16,HAPO Checking - USD,USD,2376.36
2024-12-16,RBC,CAD,125940.5
2024-12-16,RBC Bank US - USD,USD,651.45
2024-12-16,Trade Republic,EUR,24777.54
2024-12-16,WISE - USD,USD,1671.21
2024-12-16,Revolut - CAD,CAD,10.0
2024-12-16,RBC Bank Canada - CAD,CAD,14.57
2024-12-16,WISE - CLP,CLP,216262.0
2024-12-16,Revolut - EUR,EUR,94.12
2024-12-16,N26 - EUR,EUR,184.03
2024-12-15,N26 - EUR,EUR,184.03
2024-12-15,RBC Bank Canada - CAD,CAD,14.57
2024-12-15,Revolut - CAD,CAD,10.0
2024-12-15,RBC Bank Canada - EUR,EUR,176.97
2024-12-15,Revolut - CLP,CLP,97069.0
2024-12-15,Trade Republic,EUR,24610.87
2024-12-15,RBC Bank US - USD,USD,651.45
2024-12-15,RBC Bank Canada - USD,USD,1513.24
2024-12-15,Revolut - EUR,EUR,94.12
2024-12-15,WISE - USD,USD,1671.21
2024-12-15,Binance,USD,40512.84
2024-12-15,HAPO Checking - USD,USD,2376.36
2024-12-15,401k,USD,45287.12
2024-12-15,RBC,CAD,125940.5
2024-12-15,HAPO Savings - USD,USD,491.95
2024-12-15,WISE - CLP,CLP,216262.0
2024-12-15,WISE - EUR,EUR,61.37
2024-12-14,WISE - USD,USD,1671.21
2024-12-14,Revolut - CAD,CAD,10.0
2024-12-14,HAPO Savings - USD,USD,491.95
2024-12-14,RBC,CAD,125940.5
2024-12-14,RBC Bank Canada - EUR,EUR,176.97
2024-12-14,RBC Bank Canada - USD,USD,1513.24
2024-12-14,Binance,USD,40690.44
2024-12-14,WISE - EUR,EUR,61.37
2024-12-14,Revolut - CLP,CLP,97069.0
2024-12-14,Revolut - EUR,EUR,191.33
2024-12-14,Trade Republic,EUR,24610.87
2024-12-14,401k,USD,45287.12
2024-12-14,RBC Bank US - USD,USD,651.45
2024-12-14,WISE - CLP,CLP,216262.0
2024-12-14,RBC Bank Canada - CAD,CAD,14.57
2024-12-14,N26 - EUR,EUR,184.03
2024-12-14,HAPO Checking - USD,USD,2376.36
2024-12-13,Binance,USD,40427.61
2024-12-13,RBC Bank Canada - EUR,EUR,176.97
2024-12-13,RBC Bank Canada - CAD,CAD,14.57
2024-12-13,N26 - EUR,EUR,184.03
2024-12-13,Trade Republic,EUR,24305.15
2024-12-13,WISE - CLP,CLP,216262.0
2024-12-13,401k,USD,45615.1
2024-12-13,WISE - USD,USD,1671.21
2024-12-13,RBC Bank Canada - USD,USD,1513.24
2024-12-13,Revolut - CAD,CAD,10.0
2024-12-13,RBC,CAD,126099.68
2024-12-13,HAPO Savings - USD,USD,491.95
2024-12-13,WISE - EUR,EUR,61.37
2024-12-13,Revolut - CLP,CLP,97069.0
2024-12-13,Revolut - EUR,EUR,191.33
2024-12-13,HAPO Checking - USD,USD,2376.36
2024-12-13,RBC Bank US - USD,USD,651.45
2024-12-12,Revolut - CAD,CAD,10.0
2024-12-12,N26 - EUR,EUR,184.03
2024-12-12,Revolut - EUR,EUR,193.17
2024-12-12,WISE - CLP,CLP,216262.0
2024-12-12,RBC Bank US - USD,USD,651.45
2024-12-12,Revolut - CLP,CLP,97069.0
2024-12-12,RBC Bank Canada - USD,USD,1513.24
2024-12-12,Trade Republic,EUR,24460.0
2024-12-12,RBC,CAD,126643.25
2024-12-12,401k,USD,45899.44
2024-12-12,WISE - USD,USD,1671.21
2024-12-12,HAPO Checking - USD,USD,2376.36
2024-12-12,RBC Bank Canada - CAD,CAD,14.57
2024-12-12,WISE - EUR,EUR,61.37
2024-12-12,RBC Bank Canada - EUR,EUR,176.97
2024-12-12,HAPO Savings - USD,USD,491.95
2024-12-12,Binance,USD,41613.04
2024-12-11,RBC Bank Canada - USD,USD,1513.24
2024-12-11,RBC Bank US - USD,USD,651.45
2024-12-11,401k,USD,45356.5
2024-12-11,RBC,CAD,125820.97
2024-12-11,RBC Bank Canada - CAD,CAD,14.57
2024-12-11,Binance,USD,40592.71
2024-12-11,Revolut - EUR,EUR,193.17
2024-12-11,WISE - EUR,EUR,61.37
2024-12-11,Trade Republic,EUR,24292.68
2024-12-11,RBC Bank Canada - EUR,EUR,176.97
2024-12-11,WISE - USD,USD,1671.21
2024-12-11,HAPO Checking - USD,USD,2376.36
2024-12-11,WISE - CLP,CLP,216262.0
2024-12-11,N26 - EUR,EUR,184.03
2024-12-11,Revolut - CAD,CAD,10.0
2024-12-11,Revolut - CLP,CLP,97069.0
2024-12-11,HAPO Savings - USD,USD,491.95
2024-12-10,N26 - EUR,EUR,184.03
2024-12-10,Trade Republic,EUR,23301.04
2024-12-10,401k,USD,45708.23
2024-12-10,RBC Bank US - USD,USD,651.45
2024-12-10,Revolut - EUR,EUR,328.52
2024-12-10,WISE - USD,USD,1671.21
2024-12-10,RBC Bank Canada - USD,USD,1513.24
2024-12-10,Revolut - CAD,CAD,10.0
2024-12-10,Binance,USD,39689.05
2024-12-10,HAPO Checking - USD,USD,2376.36
2024-12-10,HAPO Savings - USD,USD,491.95
2024-12-10,RBC Bank Canada - CAD,CAD,14.57
2024-12-10,Revolut - CLP,CLP,97069.0
2024-12-10,RBC Bank Canada - EUR,EUR,176.97
2024-12-10,WISE - EUR,EUR,61.37
2024-12-10,RBC,CAD,126879.18
2024-12-10,WISE - CLP,CLP,216262.0
2024-12-09,401k,USD,45708.23
2024-12-09,HAPO Checking - USD,USD,2376.36
2024-12-09,WISE - EUR,EUR,61.37
2024-12-09,Revolut - CAD,CAD,10.0
2024-12-09,Binance,USD,39689.05
2024-12-09,N26 - EUR,EUR,184.03
2024-12-09,RBC Bank Canada - USD,USD,1513.24
2024-12-09,Trade Republic,EUR,23301.04
2024-12-09,RBC Bank US - USD,USD,651.45
2024-12-09,WISE - USD,USD,1671.21
2024-12-09,Revolut - EUR,EUR,328.52
2024-12-09,Revolut - CLP,CLP,97069.0
2024-12-09,RBC,CAD,126879.18
2024-12-09,RBC Bank Canada - EUR,EUR,176.97
2024-12-09,RBC Bank Canada - CAD,CAD,14.57
2024-12-09,HAPO Savings - USD,USD,491.95
2024-12-09,WISE - CLP,CLP,216262.0
2024-12-08,Revolut - EUR,EUR,328.52
2024-12-08,HAPO Checking - USD,USD,2376.36
2024-12-08,RBC Bank Canada - EUR,EUR,176.97
2024-12-08,Binance,USD,39689.05
2024-12-08,RBC Bank Canada - USD,USD,1513.24
2024-12-08,N26 - EUR,EUR,184.03
2024-12-08,RBC Bank Canada - CAD,CAD,14.57
2024-12-08,Trade Republic,EUR,23301.04
2024-12-08,Revolut - CLP,CLP,97069.0
2024-12-08,HAPO Savings - USD,USD,491.95
2024-12-08,WISE - EUR,EUR,61.37
2024-12-08,Revolut - CAD,CAD,10.0
2024-12-08,WISE - USD,USD,1671.21
2024-12-08,RBC Bank US - USD,USD,651.45
2024-12-08,401k,USD,45708.23
2024-12-08,WISE - CLP,CLP,216262.0
2024-12-08,RBC,CAD,126879.18
2024-12-07,RBC Bank Canada - CAD,CAD,14.57
2024-12-07,RBC Bank Canada - EUR,EUR,176.97
2024-12-07,N26 - EUR,EUR,184.03
2024-12-07,WISE - EUR,EUR,61.37
2024-12-07,HAPO Savings - USD,USD,491.95
2024-12-07,WISE - USD,USD,1671.21
2024-12-07,Revolut - CLP,CLP,97069.0
2024-12-07,401k,USD,45708.23
2024-12-07,HAPO Checking - USD,USD,2376.36
2024-12-07,WISE - CLP,CLP,216262.0
2024-12-07,Revolut - CAD,CAD,10.0
2024-12-07,Revolut - EUR,EUR,328.52
2024-12-07,RBC Bank US - USD,USD,651.45
2024-12-07,Binance,USD,40563.46
2024-12-07,RBC,CAD,126879.18
2024-12-07,Trade Republic,EUR,23301.04
2024-12-07,RBC Bank Canada - USD,USD,1513.24
2024-12-06,RBC Bank Canada - CAD,CAD,14.57
2024-12-06,Binance,USD,41199.35
2024-12-06,HAPO Savings - USD,USD,491.95
2024-12-06,RBC Bank Canada - USD,USD,1513.24
2024-12-06,HAPO Checking - USD,USD,2616.36
2024-12-06,WISE - EUR,EUR,61.37
2024-12-06,RBC Bank Canada - EUR,EUR,176.97
2024-12-06,Revolut - CLP,CLP,97069.0
2024-12-06,RBC,CAD,126071.36
2024-12-06,Revolut - EUR,EUR,365.1
2024-12-06,WISE - CLP,CLP,216262.0
2024-12-06,WISE - USD,USD,1671.21
2024-12-06,401k,USD,45558.43
2024-12-06,Revolut - CAD,CAD,10.0
2024-12-06,RBC Bank US - USD,USD,651.45
2024-12-06,N26 - EUR,EUR,184.03
2024-12-06,Trade Republic,EUR,23078.02
2024-12-05,Revolut - CAD,CAD,10.0
2024-12-05,RBC Bank US - USD,USD,651.45
2024-12-05,HAPO Savings - USD,USD,491.95
2024-12-05,RBC Bank Canada - EUR,EUR,176.97
2024-12-05,RBC,CAD,126235.57
2024-12-05,WISE - CLP,CLP,216262.0
2024-12-05,WISE - EUR,EUR,61.37
2024-12-05,401k,USD,45741.33
2024-12-05,Revolut - EUR,EUR,365.1
2024-12-05,RBC Bank Canada - USD,USD,1513.24
2024-12-05,RBC Bank Canada - CAD,CAD,14.57
2024-12-05,WISE - USD,USD,1671.21
2024-12-05,HAPO Checking - USD,USD,2616.36
2024-12-05,Binance,USD,40300.87
2024-12-05,Revolut - CLP,CLP,97069.0
2024-12-05,Trade Republic,EUR,22840.66
2024-12-05,N26 - EUR,EUR,191.83
2024-12-04,HAPO Savings - USD,USD,491.95
2024-12-04,WISE - CLP,CLP,216262.0
2024-12-04,Trade Republic,EUR,22479.45
2024-12-04,WISE - EUR,EUR,61.37
2024-12-04,N26 - EUR,EUR,191.83
2024-12-04,RBC Bank Canada - USD,USD,1513.24
2024-12-04,Revolut - CLP,CLP,97069.0
2024-12-04,WISE - USD,USD,1671.21
2024-12-04,HAPO Checking - USD,USD,2616.36
2024-12-04,RBC,CAD,125765.6
2024-12-04,RBC Bank US - USD,USD,651.45
2024-12-04,401k,USD,45143.15
2024-12-04,Binance,USD,39182.62
2024-12-04,Revolut - EUR,EUR,365.1
2024-12-04,Revolut - CAD,CAD,10.0
2024-12-04,RBC Bank Canada - CAD,CAD,14.57
2024-12-04,RBC Bank Canada - EUR,EUR,176.97
2024-12-03,Revolut - EUR,EUR,555.19
2024-12-03,Revolut - CAD,CAD,10.0
2024-12-03,RBC Bank Canada - CAD,CAD,14.57
2024-12-03,RBC Bank US - USD,USD,651.45
2024-12-03,RBC Bank Canada - USD,USD,1512.18
2024-12-03,Trade Republic,EUR,22117.74
2024-12-03,HAPO Checking - USD,USD,2645.2
2024-12-03,WISE - USD,USD,1469.62
2024-12-03,Binance,USD,38076.91
2024-12-03,HAPO Savings - USD,USD,491.95
2024-12-03,RBC Bank Canada - EUR,EUR,176.97
2024-12-03,WISE - CLP,CLP,216262.0
2024-12-03,WISE - EUR,EUR,61.37
2024-12-03,RBC,CAD,124884.81
2024-12-03,401k,USD,44738.32
2024-12-03,Revolut - CLP,CLP,97069.0
2024-12-03,N26 - EUR,EUR,467.78
2024-12-02,WISE - USD,USD,1469.62
2024-12-02,RBC Bank Canada - USD,USD,1512.18
2024-12-02,RBC Bank Canada - CAD,CAD,14.57
2024-12-02,N26 - EUR,EUR,467.78
2024-12-02,Binance,USD,38076.91
2024-12-02,Revolut - EUR,EUR,555.19
2024-12-02,Revolut - CAD,CAD,10.0
2024-12-02,HAPO Checking - USD,USD,2645.2
2024-12-02,RBC Bank US - USD,USD,651.45
2024-12-02,401k,USD,44738.32
2024-12-02,RBC,CAD,124884.81
2024-12-02,Revolut - CLP,CLP,97069.0
2024-12-02,WISE - CLP,CLP,216262.0
2024-12-02,WISE - EUR,EUR,61.37
2024-12-02,RBC Bank Canada - EUR,EUR,176.97
2024-12-02,Trade Republic,EUR,22117.74
2024-12-02,HAPO Savings - USD,USD,491.95
2024-12-01,Trade Republic,EUR,22117.74
2024-12-01,HAPO Checking - USD,USD,2645.2
2024-12-01,RBC,CAD,124884.81
2024-12-01,RBC Bank Canada - CAD,CAD,14.57
2024-12-01,401k,USD,44738.32
2024-12-01,RBC Bank US - USD,USD,651.45
2024-12-01,WISE - CLP,CLP,216262.0
2024-12-01,WISE - EUR,EUR,61.37
2024-12-01,WISE - USD,USD,1469.62
2024-12-01,Revolut - CLP,CLP,97069.0
2024-12-01,RBC Bank Canada - USD,USD,1512.18
2024-12-01,RBC Bank Canada - EUR,EUR,176.97
2024-12-01,Binance,USD,38076.91
2024-12-01,N26 - EUR,EUR,467.78
2024-12-01,Revolut - EUR,EUR,555.19
2024-12-01,HAPO Savings - USD,USD,491.95
2024-12-01,Revolut - CAD,CAD,10.0
2024-11-30,HAPO Checking - USD,USD,2144.2
2024-11-30,Revolut - CLP,CLP,97069.0
2024-11-30,RBC Bank US - USD,USD,651.45
2024-11-30,HAPO Savings - USD,USD,991.95
2024-11-30,Revolut - CAD,CAD,10.0
2024-11-30,N26 - EUR,EUR,467.78
2024-11-30,RBC Bank Canada - EUR,EUR,176.97
2024-11-30,WISE - USD,USD,1.0
2024-11-30,RBC Bank Canada - USD,USD,3512.18
2024-11-30,401k,USD,44472.7
2024-11-30,RBC,CAD,124236.17
2024-11-30,Trade Republic,EUR,22117.74
2024-11-30,Revolut - EUR,EUR,198.55
2024-11-30,RBC Bank Canada - CAD,CAD,14.57
2024-11-30,WISE - EUR,EUR,61.37
2024-11-30,WISE - CLP,CLP,216262.0
2024-11-30,Binance,USD,38334.75
2024-11-29,WISE - EUR,EUR,61.37
2024-11-29,HAPO Savings - USD,USD,991.95
2024-11-29,Trade Republic,EUR,22117.74
2024-11-29,Binance,USD,37906.57
2024-11-29,RBC Bank US - USD,USD,651.45
2024-11-29,Revolut - CLP,CLP,97069.0
2024-11-29,WISE - USD,USD,1.0
2024-11-29,401k,USD,44472.7
2024-11-29,N26 - EUR,EUR,467.78
2024-11-29,RBC Bank Canada - EUR,EUR,176.97
2024-11-29,HAPO Checking - USD,USD,2144.2
2024-11-29,RBC Bank Canada - USD,USD,3512.18
2024-11-29,RBC,CAD,124236.17
2024-11-29,Revolut - EUR,EUR,233.66
2024-11-29,WISE - CLP,CLP,216262.0
2024-11-29,RBC Bank Canada - CAD,CAD,14.57
2024-11-29,Revolut - CAD,CAD,10.0
2024-11-28,RBC Bank Canada - USD,USD,3512.18
2024-11-28,RBC Bank US - USD,USD,651.45
2024-11-28,Revolut - CAD,CAD,10.0
2024-11-28,Binance,USD,37365.88
2024-11-28,RBC Bank Canada - CAD,CAD,14.57
2024-11-28,WISE - USD,USD,1.0
2024-11-28,Trade Republic,EUR,21658.08
2024-11-28,Revolut - CLP,CLP,97069.0
2024-11-28,RBC Bank Canada - EUR,EUR,176.97
2024-11-28,WISE - CLP,CLP,216262.0
2024-11-28,Revolut - EUR,EUR,328.28
2024-11-28,HAPO Checking - USD,USD,2144.2
2024-11-28,HAPO Savings - USD,USD,991.95
2024-11-28,N26 - EUR,EUR,467.78
2024-11-28,WISE - EUR,EUR,61.37
2024-11-28,401k,USD,44472.7
2024-11-28,RBC,CAD,124192.13
2024-11-27,HAPO Checking - USD,USD,2167.2
2024-11-27,N26 - EUR,EUR,197.78
2024-11-27,RBC Bank Canada - EUR,EUR,176.97
2024-11-27,HAPO Savings - USD,USD,991.95
2024-11-27,WISE - EUR,EUR,61.37
2024-11-27,Trade Republic,EUR,21654.01
2024-11-27,401k,USD,44664.68
2024-11-27,RBC Bank US - USD,USD,651.45
2024-11-27,Binance,USD,36443.07
2024-11-27,RBC Bank Canada - CAD,CAD,14.57
2024-11-27,RBC Bank Canada - USD,USD,3512.18
2024-11-27,Revolut - EUR,EUR,669.13
2024-11-27,Revolut - CAD,CAD,10.0
2024-11-27,RBC,CAD,124470.84
2024-11-27,WISE - USD,USD,0.0
2024-11-27,WISE - CLP,CLP,216262.0
2024-11-27,Revolut - CLP,CLP,97069.0
2024-11-26,RBC Bank Canada - EUR,EUR,176.97
2024-11-26,WISE - EUR,EUR,61.37
2024-11-26,Revolut - EUR,EUR,724.53
2024-11-26,Trade Republic,EUR,21882.79
2024-11-26,HAPO Savings - USD,USD,991.95
2024-11-26,RBC Bank US - USD,USD,651.45
2024-11-26,Revolut - CLP,CLP,97069.0
2024-11-26,WISE - CLP,CLP,216262.0
2024-11-26,RBC Bank Canada - USD,USD,3512.18
2024-11-26,WISE - USD,USD,0.0
2024-11-26,N26 - EUR,EUR,193.88
2024-11-26,RBC Bank Canada - CAD,CAD,14.57
2024-11-26,Revolut - CAD,CAD,10.0
2024-11-26,HAPO Checking - USD,USD,2167.2
2024-11-26,Binance,USD,34019.03
2024-11-26,401k,USD,44297.05
2024-11-26,RBC,CAD,123878.82
2024-11-25,WISE - CLP,CLP,216262.0
2024-11-25,WISE - USD,USD,800.0
2024-11-25,Revolut - EUR,EUR,1580.33
2024-11-25,N26 - EUR,EUR,193.88
2024-11-25,RBC,CAD,123595.08
2024-11-25,Trade Republic,EUR,23940.66
2024-11-25,HAPO Checking - USD,USD,2167.2
2024-11-25,401k,USD,44150.98
2024-11-25,WISE - EUR,EUR,199.26
2024-11-25,HAPO Savings - USD,USD,991.95
2024-11-25,RBC Bank US - USD,USD,651.45
2024-11-25,RBC Bank Canada - USD,USD,3512.18
2024-11-25,Binance,USD,36535.63
2024-11-25,Revolut - CAD,CAD,10.0
2024-11-25,RBC Bank Canada - EUR,EUR,176.97
2024-11-25,Revolut - CLP,CLP,97069.0
2024-11-25,RBC Bank Canada - CAD,CAD,14.57
2024-11-24,Revolut - CAD,CAD,10.0
2024-11-24,WISE - EUR,EUR,199.26
2024-11-24,RBC Bank Canada - USD,USD,3512.18
2024-11-24,HAPO Savings - USD,USD,991.95
2024-11-24,401k,USD,44150.98
2024-11-24,WISE - USD,USD,800.0
2024-11-24,Trade Republic,EUR,23447.43
2024-11-24,WISE - CLP,CLP,368146.0
2024-11-24,N26 - EUR,EUR,71.5
2024-11-24,Binance,USD,36923.77
2024-11-24,RBC Bank US - USD,USD,651.45
2024-11-24,RBC,CAD,123595.08
2024-11-24,RBC Bank Canada - EUR,EUR,176.97
2024-11-24,Revolut - CLP,CLP,97069.0
2024-11-24,RBC Bank Canada - CAD,CAD,14.57
2024-11-24,HAPO Checking - USD,USD,2167.2
2024-11-24,Revolut - EUR,EUR,1631.16
2024-11-23,401k,USD,44150.98
2024-11-23,RBC Bank Canada - CAD,CAD,14.57
2024-11-23,Revolut - CLP,CLP,97069.0
2024-11-23,Revolut - CAD,CAD,10.0
2024-11-23,RBC Bank US - USD,USD,651.45
2024-11-23,N26 - EUR,EUR,71.5
2024-11-23,Revolut - EUR,EUR,1659.55
2024-11-23,HAPO Savings - USD,USD,991.95
2024-11-23,Binance,USD,36417.09
2024-11-23,RBC,CAD,123595.08
2024-11-23,RBC Bank Canada - EUR,EUR,176.97
2024-11-23,RBC Bank Canada - USD,USD,3512.18
2024-11-23,WISE - USD,USD,800.0
2024-11-23,Trade Republic,EUR,23447.43
2024-11-23,WISE - CLP,CLP,368146.0
2024-11-23,HAPO Checking - USD,USD,2167.2
2024-11-23,WISE - EUR,EUR,199.26
2024-11-22,Revolut - CLP,CLP,97069.0
2024-11-22,WISE - CLP,CLP,368146.0
2024-11-22,Revolut - CAD,CAD,10.0
2024-11-22,401k,USD,44170.71
2024-11-22,RBC Bank US - USD,USD,651.45
2024-11-22,HAPO Savings - USD,USD,991.95
2024-11-22,RBC,CAD,123193.7
2024-11-22,HAPO Checking - USD,USD,2167.2
2024-11-22,RBC Bank Canada - USD,USD,3512.18
2024-11-22,WISE - EUR,EUR,199.26
2024-11-22,RBC Bank Canada - CAD,CAD,14.57
2024-11-22,N26 - EUR,EUR,71.5
2024-11-22,RBC Bank Canada - EUR,EUR,176.97
2024-11-22,WISE - USD,USD,800.0
2024-11-22,Trade Republic,EUR,23447.43
2024-11-22,Revolut - EUR,EUR,1659.55
2024-11-22,Binance,USD,36411.19
2024-11-21,RBC Bank US - USD,USD,651.45
2024-11-21,Revolut - CAD,CAD,10.0
2024-11-21,Revolut - CLP,CLP,97069.0
2024-11-21,RBC Bank Canada - USD,USD,3512.18
2024-11-21,HAPO Checking - USD,USD,2167.2
2024-11-21,Trade Republic,EUR,23664.75
2024-11-21,RBC,CAD,122414.2
2024-11-21,RBC Bank Canada - EUR,EUR,176.97
2024-11-21,RBC Bank Canada - CAD,CAD,14.57
2024-11-21,Binance,USD,37452.59
2024-11-21,WISE - CLP,CLP,598533.0
2024-11-21,Revolut - EUR,EUR,480.5
2024-11-21,WISE - USD,USD,2000.0
2024-11-21,401k,USD,44041.51
2024-11-21,N26 - EUR,EUR,71.5
2024-11-21,HAPO Savings - USD,USD,991.95
2024-11-21,WISE - EUR,EUR,33.06
2024-11-20,Revolut - EUR,EUR,521.83
2024-11-20,HAPO Savings - USD,USD,991.95
2024-11-20,Trade Republic,EUR,24697.4
2024-11-20,RBC Bank Canada - USD,USD,3510.4
2024-11-20,RBC,CAD,122353.8
2024-11-20,HAPO Checking - USD,USD,2172.2
2024-11-20,RBC Bank Canada - CAD,CAD,14.57
2024-11-20,Revolut - CAD,CAD,10.0
2024-11-20,RBC Bank US - USD,USD,651.45
2024-11-20,N26 - EUR,EUR,71.5
2024-11-20,WISE - EUR,EUR,33.06
2024-11-20,Revolut - CLP,CLP,97069.0
2024-11-20,WISE - CLP,CLP,598533.0
2024-11-20,RBC Bank Canada - EUR,EUR,176.95
2024-11-20,Binance,USD,36505.65
2024-11-20,401k,USD,44019.33
2024-11-19,HAPO Checking - USD,USD,2172.2
2024-11-19,RBC Bank Canada - EUR,EUR,176.95
2024-11-19,HAPO Savings - USD,USD,991.95
2024-11-19,RBC Bank US - USD,USD,651.45
2024-11-19,Revolut - CLP,CLP,97069.0
2024-11-19,Revolut - CAD,CAD,10.0
2024-11-19,RBC Bank Canada - CAD,CAD,14.57
2024-11-19,N26 - EUR,EUR,71.5
2024-11-19,WISE - CLP,CLP,598533.0
2024-11-19,Binance,USD,37711.7
2024-11-19,Trade Republic,EUR,24192.85
2024-11-19,401k,USD,43672.48
2024-11-19,Revolut - EUR,EUR,531.83
2024-11-19,RBC Bank Canada - USD,USD,3510.4
2024-11-19,WISE - EUR,EUR,33.06
2024-11-19,RBC,CAD,122415.45
2024-11-18,Revolut - CLP,CLP,97069.0
2024-11-18,WISE - EUR,EUR,33.06
2024-11-18,RBC Bank Canada - USD,USD,3510.4
2024-11-18,N26 - EUR,EUR,71.5
2024-11-18,Binance,USD,37806.68
2024-11-18,RBC Bank US - USD,USD,651.45
2024-11-18,Revolut - CAD,CAD,10.0
2024-11-18,401k,USD,43630.82
2024-11-18,RBC,CAD,122353.8
2024-11-18,HAPO Savings - USD,USD,991.95
2024-11-18,HAPO Checking - USD,USD,2172.2
2024-11-18,RBC Bank Canada - EUR,EUR,176.95
2024-11-18,Trade Republic,EUR,22785.42
2024-11-18,RBC Bank Canada - CAD,CAD,14.57
2024-11-18,WISE - CLP,CLP,598533.0
2024-11-18,Revolut - EUR,EUR,774.83
2024-11-17,RBC Bank Canada - USD,USD,3510.4
2024-11-17,WISE - CLP,CLP,598533.0
2024-11-17,401k,USD,43630.82
2024-11-17,N26 - EUR,EUR,71.5
2024-11-17,HAPO Checking - USD,USD,2172.2
2024-11-17,RBC Bank Canada - EUR,EUR,176.95
2024-11-17,Revolut - EUR,EUR,774.83
2024-11-17,Trade Republic,EUR,22131.16
2024-11-17,RBC Bank Canada - CAD,CAD,14.57
2024-11-17,HAPO Savings - USD,USD,991.95
2024-11-17,Binance,USD,37364.39
2024-11-17,RBC Bank US - USD,USD,651.45
2024-11-17,Revolut - CAD,CAD,10.0
2024-11-17,RBC,CAD,122353.8
2024-11-17,WISE - EUR,EUR,33.06
2024-11-17,Revolut - CLP,CLP,97069.0
2024-11-16,HAPO Savings - USD,USD,991.95
2024-11-16,Trade Republic,EUR,22131.16
2024-11-16,RBC,CAD,122353.8
2024-11-16,Revolut - CAD,CAD,10.0
2024-11-16,401k,USD,43630.82
2024-11-16,Revolut - EUR,EUR,774.83
2024-11-16,RBC Bank Canada - CAD,CAD,14.57
2024-11-16,Revolut - CLP,CLP,97069.0
2024-11-16,N26 - EUR,EUR,71.5
2024-11-16,WISE - CLP,CLP,598533.0
2024-11-16,RBC Bank Canada - EUR,EUR,176.95
2024-11-16,RBC Bank Canada - USD,USD,3510.4
2024-11-16,RBC Bank US - USD,USD,651.45
2024-11-16,WISE - EUR,EUR,33.06
2024-11-16,HAPO Checking - USD,USD,2172.2
2024-11-16,Binance,USD,36658.18
2024-11-15,RBC,CAD,123272.97
2024-11-15,Revolut - CLP,CLP,97069.0
2024-11-15,WISE - EUR,EUR,33.06
2024-11-15,Revolut - EUR,EUR,774.83
2024-11-15,Trade Republic,EUR,21915.67
2024-11-15,RBC Bank Canada - USD,USD,3510.4
2024-11-15,HAPO Savings - USD,USD,991.95
2024-11-15,RBC Bank US - USD,USD,651.45
2024-11-15,401k,USD,44544.62
2024-11-15,WISE - CLP,CLP,598533.0
2024-11-15,Revolut - CAD,CAD,10.0
2024-11-15,RBC Bank Canada - EUR,EUR,176.95
2024-11-15,Binance,USD,34734.24
2024-11-15,RBC Bank Canada - CAD,CAD,14.57
2024-11-15,N26 - EUR,EUR,71.5
2024-11-15,HAPO Checking - USD,USD,2172.2
2024-11-14,N26 - EUR,EUR,85.85
2024-11-14,RBC Bank Canada - EUR,EUR,176.95
2024-11-14,Revolut - EUR,EUR,791.07
2024-11-14,HAPO Savings - USD,USD,991.95
2024-11-14,WISE - CLP,CLP,598533.0
2024-11-14,Revolut - CLP,CLP,97069.0
2024-11-14,RBC Bank Canada - CAD,CAD,14.57
2024-11-14,RBC,CAD,123160.35
2024-11-14,RBC Bank US - USD,USD,651.45
2024-11-14,401k,USD,44760.5
2024-11-14,HAPO Checking - USD,USD,2172.2
2024-11-14,RBC Bank Canada - USD,USD,3510.4
2024-11-14,Binance,USD,35231.99
2024-11-14,Revolut - CAD,CAD,10.0
2024-11-14,WISE - EUR,EUR,33.06
2024-11-14,Trade Republic,EUR,22567.39
2024-11-13,N26 - EUR,EUR,85.85
2024-11-13,Revolut - EUR,EUR,791.07
2024-11-13,Revolut - CLP,CLP,97069.0
2024-11-13,401k,USD,44764.74
2024-11-13,HAPO Checking - USD,USD,2172.2
2024-11-13,Revolut - CAD,CAD,10.0
2024-11-13,RBC Bank Canada - EUR,EUR,176.95
2024-11-13,RBC,CAD,123048.99
2024-11-13,WISE - CLP,CLP,598533.0
2024-11-13,RBC Bank US - USD,USD,651.45
2024-11-13,Binance,USD,35042.89
2024-11-13,RBC Bank Canada - USD,USD,3510.4
2024-11-13,HAPO Savings - USD,USD,991.95
2024-11-13,RBC Bank Canada - CAD,CAD,14.57
2024-11-13,WISE - EUR,EUR,33.06
2024-11-13,Trade Republic,EUR,22911.93
2024-11-12,Revolut - CAD,CAD,10.0
2024-11-12,RBC,CAD,123618.36
2024-11-12,Revolut - EUR,EUR,794.34
2024-11-12,401k,USD,44550.77
2024-11-12,RBC Bank US - USD,USD,651.45
2024-11-12,WISE - EUR,EUR,33.06
2024-11-12,Trade Republic,EUR,22655.61
2024-11-12,RBC Bank Canada - USD,USD,3510.4
2024-11-12,Revolut - CLP,CLP,97069.0
2024-11-12,RBC Bank Canada - EUR,EUR,176.95
2024-11-12,RBC Bank Canada - CAD,CAD,14.57
2024-11-12,Binance,USD,34244.75
2024-11-12,HAPO Savings - USD,USD,991.95
2024-11-12,N26 - EUR,EUR,85.85
2024-11-12,WISE - CLP,CLP,598533.0
2024-11-12,HAPO Checking - USD,USD,2189.2
2024-11-11,RBC Bank Canada - USD,USD,3510.4
2024-11-11,HAPO Savings - USD,USD,991.95
2024-11-11,Binance,USD,34784.33
2024-11-11,RBC Bank US - USD,USD,651.45
2024-11-11,Trade Republic,EUR,22621.93
2024-11-11,Revolut - EUR,EUR,794.34
2024-11-11,HAPO Checking - USD,USD,2189.2
2024-11-11,Revolut - CLP,CLP,97069.0
2024-11-11,401k,USD,44435.08
2024-11-11,RBC Bank Canada - CAD,CAD,14.57
2024-11-11,WISE - CLP,CLP,598533.0
2024-11-11,RBC,CAD,123535.32
2024-11-11,RBC Bank Canada - EUR,EUR,176.95
2024-11-11,Revolut - CAD,CAD,10.0
2024-11-11,WISE - EUR,EUR,33.06
2024-11-11,N26 - EUR,EUR,85.85
2024-11-10,HAPO Savings - USD,USD,991.95
2024-11-10,Trade Republic,EUR,21215.83
2024-11-10,WISE - CLP,CLP,598533.0
2024-11-10,RBC Bank Canada - USD,USD,3510.4
2024-11-10,RBC,CAD,123535.32
2024-11-10,RBC Bank Canada - CAD,CAD,14.57
2024-11-10,Revolut - EUR,EUR,918.8
2024-11-10,RBC Bank Canada - EUR,EUR,176.95
2024-11-10,Revolut - CLP,CLP,97069.0
2024-11-10,RBC Bank US - USD,USD,651.45
2024-11-10,401k,USD,44435.08
2024-11-10,WISE - EUR,EUR,33.06
2024-11-10,Binance,USD,32580.33
2024-11-10,N26 - EUR,EUR,85.85
2024-11-10,Revolut - CAD,CAD,10.0
2024-11-10,HAPO Checking - USD,USD,2189.2
2024-11-09,401k,USD,44435.08
2024-11-09,RBC Bank Canada - USD,USD,3510.4
2024-11-09,Revolut - CAD,CAD,10.0
2024-11-09,Trade Republic,EUR,21215.83
2024-11-09,RBC,CAD,123535.32
2024-11-09,Revolut - CLP,CLP,97069.0
2024-11-09,RBC Bank US - USD,USD,651.45
2024-11-09,N26 - EUR,EUR,85.85
2024-11-09,WISE - CLP,CLP,598533.0
2024-11-09,Binance,USD,30942.26
2024-11-09,WISE - EUR,EUR,33.06
2024-11-09,Revolut - EUR,EUR,947.88
2024-11-09,RBC Bank Canada - EUR,EUR,176.95
2024-11-09,HAPO Savings - USD,USD,991.95
2024-11-09,HAPO Checking - USD,USD,2189.2
2024-11-09,RBC Bank Canada - CAD,CAD,14.57
2024-11-08,RBC,CAD,123732.24
2024-11-08,N26 - EUR,EUR,85.85
2024-11-08,WISE - CLP,CLP,598533.0
2024-11-08,Revolut - EUR,EUR,947.88
2024-11-08,HAPO Checking - USD,USD,2189.2
2024-11-08,RBC Bank Canada - EUR,EUR,176.95
2024-11-08,401k,USD,44408.59
2024-11-08,WISE - EUR,EUR,33.06
2024-11-08,Trade Republic,EUR,21215.83
2024-11-08,HAPO Savings - USD,USD,991.95
2024-11-08,Revolut - CLP,CLP,97069.0
2024-11-08,Binance,USD,29781.89
2024-11-08,RBC Bank US - USD,USD,651.45
2024-11-08,RBC Bank Canada - CAD,CAD,14.57
2024-11-08,RBC Bank Canada - USD,USD,3510.4
2024-11-08,Revolut - CAD,CAD,10.0
2024-11-07,Revolut - CAD,CAD,10.0
2024-11-07,HAPO Savings - USD,USD,991.95
2024-11-07,RBC Bank US - USD,USD,651.45
2024-11-07,Binance,USD,30148.18
2024-11-07,WISE - EUR,EUR,33.06
2024-11-07,N26 - EUR,EUR,85.85
2024-11-07,RBC,CAD,123023.83
2024-11-07,401k,USD,44106.54
2024-11-07,WISE - CLP,CLP,598533.0
2024-11-07,Revolut - EUR,EUR,947.88
2024-11-07,Revolut - CLP,CLP,97069.0
2024-11-07,RBC Bank Canada - USD,USD,3510.4
2024-11-07,HAPO Checking - USD,USD,2189.2
2024-11-07,RBC Bank Canada - EUR,EUR,176.95
2024-11-07,Trade Republic,EUR,20686.24
2024-11-07,RBC Bank Canada - CAD,CAD,14.57
2024-11-06,Revolut - CAD,CAD,10.0
2024-11-06,Binance,USD,29872.35
2024-11-06,Revolut - CLP,CLP,97069.0
2024-11-06,RBC Bank Canada - EUR,EUR,176.95
2024-11-06,Trade Republic,EUR,19971.07
2024-11-06,RBC Bank US - USD,USD,651.45
2024-11-06,RBC Bank Canada - CAD,CAD,14.57
2024-11-06,Revolut - EUR,EUR,947.88
2024-11-06,RBC Bank Canada - USD,USD,3510.4
2024-11-06,N26 - EUR,EUR,85.85
2024-11-06,401k,USD,42672.7
2024-11-06,HAPO Checking - USD,USD,2189.2
2024-11-06,WISE - CLP,CLP,598533.0
2024-11-06,RBC,CAD,121260.99
2024-11-06,HAPO Savings - USD,USD,991.95
2024-11-06,WISE - EUR,EUR,33.06
2024-11-02,Trade Republic,EUR,18799.22
2024-11-02,HAPO Checking - USD,USD,2213.04
2024-11-02,RBC,CAD,120670.23
2024-11-02,RBC Bank Canada - USD,USD,3510.4
2024-11-02,RBC Bank US - USD,USD,651.45
2024-11-02,Binance,USD,26571.06
2024-11-02,WISE - CLP,CLP,598533.0
2024-11-02,401k,USD,42171.84
2024-11-02,RBC Bank Canada - CAD,CAD,14.57
2024-11-02,Revolut - EUR,EUR,1026.55
2024-11-02,WISE - EUR,EUR,33.06
2024-11-02,Revolut - CLP,CLP,97069.0
2024-11-02,HAPO Savings - USD,USD,991.95
2024-11-02,N26 - EUR,EUR,309.7
2024-11-02,RBC Bank Canada - EUR,EUR,176.95
2024-11-02,Revolut - CAD,CAD,10.0
2024-11-01,Revolut - CLP,CLP,97069.0
2024-11-01,RBC Bank Canada - CAD,CAD,14.57
2024-11-01,WISE - CLP,CLP,598533.0
2024-11-01,N26 - EUR,EUR,369.6
2024-11-01,WISE - EUR,EUR,33.06
2024-11-01,Trade Republic,EUR,18557.32
2024-11-01,RBC Bank Canada - USD,USD,3510.4
2024-11-01,Revolut - CAD,CAD,10.0
2024-11-01,HAPO Checking - USD,USD,2213.04
2024-11-01,Revolut - EUR,EUR,1026.55
2024-11-01,RBC Bank US - USD,USD,651.45
2024-11-01,HAPO Savings - USD,USD,991.95
2024-11-01,RBC Bank Canada - EUR,EUR,176.95
2024-11-01,401k,USD,41824.03
2024-11-01,RBC,CAD,119972.52
2024-11-01,Binance,USD,27305.26
2024-10-31,Revolut - EUR,EUR,1749.62
2024-10-31,WISE - CLP,CLP,598533.0
2024-10-31,Trade Republic,EUR,18184.16
2024-10-31,HAPO Savings - USD,USD,991.95
2024-10-31,RBC Bank US - USD,USD,651.45
2024-10-31,Revolut - CAD,CAD,10.0
2024-10-31,Binance,USD,27346.87
2024-10-31,Revolut - CLP,CLP,97069.0
2024-10-31,HAPO Checking - USD,USD,2213.04
2024-10-31,RBC Bank Canada - CAD,CAD,14.57
2024-10-31,RBC Bank Canada - EUR,EUR,176.95
2024-10-31,N26 - EUR,EUR,369.6
2024-10-31,RBC Bank Canada - USD,USD,3510.4
2024-10-31,401k,USD,42808.51
2024-10-31,RBC,CAD,121470.49
2024-10-31,WISE - EUR,EUR,33.06
2024-10-30,RBC Bank Canada - USD,USD,3510.4
2024-10-30,RBC Bank Canada - CAD,CAD,14.57
2024-10-30,401k,USD,42849.71
2024-10-30,RBC Bank Canada - EUR,EUR,176.95
2024-10-30,Revolut - CAD,CAD,10.0
2024-10-30,WISE - EUR,EUR,33.06
2024-10-30,HAPO Checking - USD,USD,2213.04
2024-10-30,RBC,CAD,122034.2
2024-10-30,Binance,USD,28104.54
2024-10-30,RBC Bank US - USD,USD,651.45
2024-10-30,Revolut - CLP,CLP,97069.0
2024-10-30,Trade Republic,EUR,18870.65
2024-10-30,N26 - EUR,EUR,369.6
2024-10-30,WISE - CLP,CLP,598533.0
2024-10-30,Revolut - EUR,EUR,1806.45
2024-10-30,HAPO Savings - USD,USD,991.95
2024-10-29,RBC Bank US - USD,USD,651.45
2024-10-29,HAPO Savings - USD,USD,991.95
2024-10-29,WISE - CLP,CLP,598533.0
2024-10-29,401k,USD,42760.66
2024-10-29,N26 - EUR,EUR,369.6
2024-10-29,Revolut - CAD,CAD,10.0
2024-10-29,HAPO Checking - USD,USD,2213.04
2024-10-29,Revolut - CLP,CLP,97069.0
2024-10-29,RBC Bank Canada - CAD,CAD,14.57
2024-10-29,RBC Bank Canada - EUR,EUR,176.95
2024-10-29,Revolut - EUR,EUR,1814.75
2024-10-29,RBC,CAD,121907.74
2024-10-29,Trade Republic,EUR,19335.97
2024-10-29,Binance,USD,28222.82
2024-10-29,RBC Bank Canada - USD,USD,3510.4
2024-10-29,WISE - EUR,EUR,33.06
2024-10-27,RBC Bank Canada - USD,USD,3510.4
2024-10-27,RBC Bank US - USD,USD,651.45
2024-10-27,Revolut - CLP,CLP,97069.0
2024-10-27,HAPO Checking - USD,USD,2270.75
2024-10-27,Binance,USD,27428.59
2024-10-27,401k,USD,42518.16
2024-10-27,Revolut - EUR,EUR,2906.06
2024-10-27,HAPO Savings - USD,USD,991.95
2024-10-27,RBC,CAD,121559.2
2024-10-27,Trade Republic,EUR,19275.85
2024-10-27,WISE - EUR,EUR,33.06
2024-10-27,WISE - CLP,CLP,598533.0
2024-10-27,Revolut - CAD,CAD,10.0
2024-10-27,RBC Bank Canada - CAD,CAD,14.57
2024-10-27,RBC Bank Canada - EUR,EUR,176.95
2024-10-27,N26 - EUR,EUR,108.89
2024-10-26,HAPO Savings - USD,USD,991.95
2024-10-26,Revolut - EUR,EUR,2906.06
2024-10-26,RBC Bank Canada - CAD,CAD,14.57
2024-10-26,Binance,USD,27172.74
2024-10-26,RBC Bank Canada - EUR,EUR,176.95
2024-10-26,WISE - CLP,CLP,598533.0
2024-10-26,RBC,CAD,121559.2
2024-10-26,401k,USD,42518.16
2024-10-26,Trade Republic,EUR,19275.85
2024-10-26,Revolut - CLP,CLP,97069.0
2024-10-26,Revolut - CAD,CAD,10.0
2024-10-26,WISE - EUR,EUR,33.06
2024-10-26,RBC Bank US - USD,USD,651.45
2024-10-26,N26 - EUR,EUR,108.89
2024-10-26,RBC Bank Canada - USD,USD,3510.4
2024-10-26,HAPO Checking - USD,USD,2270.75
2024-10-25,N26 - EUR,EUR,108.89
2024-10-25,401k,USD,42524.01
2024-10-25,HAPO Savings - USD,USD,991.95
2024-10-25,RBC Bank Canada - CAD,CAD,14.57
2024-10-25,Revolut - CAD,CAD,10.0
2024-10-25,RBC,CAD,121548.47
2024-10-25,Revolut - EUR,EUR,2962.51
2024-10-25,RBC Bank Canada - EUR,EUR,176.95
2024-10-25,RBC Bank US - USD,USD,651.45
2024-10-25,Trade Republic,EUR,19137.06
2024-10-25,Revolut - CLP,CLP,97069.0
2024-10-25,Binance,USD,28220.44
2024-10-25,WISE - CLP,CLP,598533.0
2024-10-25,RBC Bank Canada - USD,USD,3510.4
2024-10-25,WISE - EUR,EUR,33.06
2024-10-25,HAPO Checking - USD,USD,2270.75
2024-10-24,RBC Bank US - USD,USD,651.45
2024-10-24,WISE - EUR,EUR,33.06
2024-10-24,WISE - CLP,CLP,598533.0
2024-10-24,RBC Bank Canada - CAD,CAD,14.57
2024-10-24,Binance,USD,28851.21
2024-10-24,RBC,CAD,121345.92
2024-10-24,N26 - EUR,EUR,108.89
2024-10-24,401k,USD,42379.71
2024-10-24,RBC Bank Canada - EUR,EUR,176.95
2024-10-24,HAPO Checking - USD,USD,270.75
2024-10-24,Trade Republic,EUR,19258.58
2024-10-24,RBC Bank Canada - USD,USD,3510.4
2024-10-24,Revolut - EUR,EUR,2981.91
2024-10-24,Revolut - CAD,CAD,10.0
2024-10-24,HAPO Savings - USD,USD,991.95
2024-10-24,Revolut - CLP,CLP,97069.0
2024-10-23,WISE - EUR,EUR,986.08
2024-10-23,401k,USD,42788.15
2024-10-23,Revolut - CLP,CLP,97069.0
2024-10-23,RBC Bank Canada - USD,USD,5508.41
2024-10-23,Trade Republic,EUR,19492.52
2024-10-23,Revolut - EUR,EUR,213.57
2024-10-23,N26 - EUR,EUR,108.89
2024-10-23,RBC,CAD,122207.84
2024-10-23,Revolut - CAD,CAD,10.0
2024-10-23,WISE - CLP,CLP,750417.0
2024-10-23,Binance,USD,28991.49
2024-10-23,HAPO Checking - USD,USD,1275.75
2024-10-23,RBC Bank Canada - CAD,CAD,14.57
2024-10-23,HAPO Savings - USD,USD,1991.95
2024-10-23,RBC Bank US - USD,USD,655.4
2024-10-23,RBC Bank Canada - EUR,EUR,176.95
2024-10-22,Revolut - EUR,EUR,233.73
2024-10-22,Revolut - CAD,CAD,10.0
2024-10-22,HAPO Savings - USD,USD,1991.95
2024-10-22,HAPO Checking - USD,USD,1275.75
2024-10-22,RBC,CAD,122620.55
2024-10-22,WISE - CLP,CLP,750417.0
2024-10-22,Binance,USD,29318.5
2024-10-22,RBC Bank Canada - EUR,EUR,176.95
2024-10-22,Revolut - CLP,CLP,97069.0
2024-10-22,N26 - EUR,EUR,108.89
2024-10-22,Trade Republic,EUR,19521.91
2024-10-22,WISE - EUR,EUR,986.08
2024-10-22,RBC Bank US - USD,USD,655.4
2024-10-22,RBC Bank Canada - CAD,CAD,14.57
2024-10-22,401k,USD,42791.77
2024-10-22,RBC Bank Canada - USD,USD,5508.41
2024-10-21,Binance,USD,29967.96
2024-10-21,HAPO Savings - USD,USD,1991.95
2024-10-21,Revolut - CLP,CLP,97069.0
2024-10-21,Trade Republic,EUR,19551.34
2024-10-21,RBC Bank Canada - CAD,CAD,14.57
2024-10-21,RBC,CAD,123057.8
2024-10-21,Revolut - EUR,EUR,233.73
2024-10-21,RBC Bank US - USD,USD,655.4
2024-10-21,N26 - EUR,EUR,108.89
2024-10-21,HAPO Checking - USD,USD,1275.75
2024-10-21,Revolut - CAD,CAD,10.0
2024-10-21,WISE - EUR,EUR,986.08
2024-10-21,401k,USD,42921.86
2024-10-21,RBC Bank Canada - EUR,EUR,176.95
2024-10-21,WISE - CLP,CLP,750417.0
2024-10-21,RBC Bank Canada - USD,USD,5508.41
2024-10-20,RBC Bank Canada - USD,USD,5508.41
2024-10-20,RBC Bank Canada - EUR,EUR,176.95
2024-10-20,RBC,CAD,123057.8
2024-10-20,HAPO Savings - USD,USD,1991.95
2024-10-20,Binance,USD,29951.87
2024-10-20,HAPO Checking - USD,USD,1275.75
2024-10-20,WISE - CLP,CLP,750417.0
2024-10-20,RBC Bank Canada - CAD,CAD,14.57
2024-10-20,401k,USD,42921.86
2024-10-20,Revolut - CAD,CAD,10.0
2024-10-20,Trade Republic,EUR,18701.23
2024-10-20,N26 - EUR,EUR,123.04
2024-10-20,Revolut - EUR,EUR,268.85
2024-10-20,RBC Bank US - USD,USD,655.4
2024-10-20,Revolut - CLP,CLP,97069.0
2024-10-20,WISE - EUR,EUR,986.08
2024-10-19,HAPO Savings - USD,USD,1991.95
2024-10-19,RBC Bank US - USD,USD,655.4
2024-10-19,WISE - EUR,EUR,986.08
2024-10-19,RBC Bank Canada - USD,USD,5508.41
2024-10-19,Binance,USD,30333.8
2024-10-19,401k,USD,42921.86
2024-10-19,RBC,CAD,123057.8
2024-10-19,Revolut - CAD,CAD,10.0
2024-10-19,WISE - CLP,CLP,750417.0
2024-10-19,Trade Republic,EUR,18701.23
2024-10-19,HAPO Checking - USD,USD,1275.75
2024-10-19,RBC Bank Canada - CAD,CAD,14.57
2024-10-19,Revolut - CLP,CLP,97069.0
2024-10-19,RBC Bank Canada - EUR,EUR,176.95
2024-10-19,N26 - EUR,EUR,123.04
2024-10-19,Revolut - EUR,EUR,269.82
2024-10-18,Revolut - CLP,CLP,97069.0
2024-10-18,N26 - EUR,EUR,123.04
2024-10-18,HAPO Checking - USD,USD,1275.75
2024-10-18,RBC Bank Canada - CAD,CAD,14.57
2024-10-18,HAPO Savings - USD,USD,1991.95
2024-10-18,WISE - CLP,CLP,750417.0
2024-10-18,Binance,USD,30996.16
2024-10-18,RBC Bank Canada - EUR,EUR,176.95
2024-10-18,Revolut - CAD,CAD,10.0
2024-10-18,RBC,CAD,122358.2
2024-10-18,Trade Republic,EUR,18731.64
2024-10-18,RBC Bank Canada - USD,USD,5508.41
2024-10-18,401k,USD,42778.32
2024-10-18,RBC Bank US - USD,USD,655.4
2024-10-18,WISE - EUR,EUR,986.08
2024-10-18,Revolut - EUR,EUR,269.82
2024-10-17,WISE - EUR,EUR,986.08
2024-10-17,Revolut - CLP,CLP,97069.0
2024-10-17,RBC Bank Canada - EUR,EUR,176.95
2024-10-17,WISE - CLP,CLP,750417.0
2024-10-17,RBC Bank Canada - USD,USD,5508.41
2024-10-17,HAPO Savings - USD,USD,1991.95
2024-10-17,Revolut - CAD,CAD,10.0
2024-10-17,401k,USD,42732.99
2024-10-17,Trade Republic,EUR,18660.34
2024-10-17,N26 - EUR,EUR,123.04
2024-10-17,Binance,USD,30278.68
2024-10-17,HAPO Checking - USD,USD,1275.75
2024-10-17,Revolut - EUR,EUR,273.65
2024-10-17,RBC Bank Canada - CAD,CAD,14.57
2024-10-17,RBC,CAD,121975.06
2024-10-17,RBC Bank US - USD,USD,655.4
2024-10-16,WISE - EUR,EUR,986.08
2024-10-16,RBC Bank US - USD,USD,655.4
2024-10-16,RBC,CAD,121539.7
2024-10-16,401k,USD,42519.49
2024-10-16,RBC Bank Canada - CAD,CAD,14.57
2024-10-16,WISE - CLP,CLP,750417.0
2024-10-16,N26 - EUR,EUR,123.04
2024-10-16,Binance,USD,30864.04
2024-10-16,Revolut - EUR,EUR,273.65
2024-10-16,Trade Republic,EUR,18369.72
2024-10-16,HAPO Savings - USD,USD,1991.95
2024-10-16,Revolut - CLP,CLP,97069.0
2024-10-16,RBC Bank Canada - USD,USD,5508.41
2024-10-16,RBC Bank Canada - EUR,EUR,176.95
2024-10-16,Revolut - CAD,CAD,10.0
2024-10-16,HAPO Checking - USD,USD,1292.75
2024-10-15,Binance,USD,30461.82
2024-10-15,WISE - CLP,CLP,750417.0
2024-10-15,N26 - EUR,EUR,123.04
2024-10-15,RBC,CAD,122276.41
2024-10-15,RBC Bank Canada - USD,USD,5508.41
2024-10-15,Trade Republic,EUR,17766.15
2024-10-15,HAPO Checking - USD,USD,1292.75
2024-10-15,401k,USD,42825.01
2024-10-15,Revolut - CLP,CLP,97069.0
2024-10-15,WISE - EUR,EUR,986.08
2024-10-15,RBC Bank US - USD,USD,655.4
2024-10-15,RBC Bank Canada - CAD,CAD,14.57
2024-10-15,Revolut - EUR,EUR,275.7
2024-10-15,HAPO Savings - USD,USD,1991.95
2024-10-15,Revolut - CAD,CAD,10.0
2024-10-15,RBC Bank Canada - EUR,EUR,176.95
2024-10-14,RBC Bank Canada - CAD,CAD,14.57
2024-10-14,RBC Bank Canada - USD,USD,5508.41
2024-10-14,Binance,USD,33542.71
2024-10-14,Revolut - EUR,EUR,401.81
2024-10-14,HAPO Savings - USD,USD,1991.95
2024-10-14,RBC Bank US - USD,USD,655.4
2024-10-14,RBC,CAD,122276.41
2024-10-14,RBC Bank Canada - EUR,EUR,176.95
2024-10-14,HAPO Checking - USD,USD,1292.75
2024-10-14,Trade Republic,EUR,18604.85
2024-10-14,401k,USD,42460.51
2024-10-14,Revolut - CLP,CLP,97069.0
2024-10-14,N26 - EUR,EUR,123.04
2024-10-14,WISE - EUR,EUR,986.08
2024-10-14,WISE - CLP,CLP,750417.0
2024-10-14,Revolut - CAD,CAD,10.0
2024-10-13,RBC Bank Canada - CAD,CAD,14.57
2024-10-13,WISE - EUR,EUR,986.08
2024-10-13,RBC Bank Canada - USD,USD,5508.41
2024-10-13,WISE - CLP,CLP,750417.0
2024-10-13,Trade Republic,EUR,18130.67
2024-10-13,N26 - EUR,EUR,123.04
2024-10-13,Revolut - CLP,CLP,97069.0
2024-10-13,RBC Bank US - USD,USD,655.4
2024-10-13,Revolut - EUR,EUR,415.67
2024-10-13,RBC,CAD,122276.41
2024-10-13,Revolut - CAD,CAD,10.0
2024-10-13,HAPO Checking - USD,USD,1292.75
2024-10-13,401k,USD,42460.51
2024-10-13,Binance,USD,33307.11
2024-10-13,RBC Bank Canada - EUR,EUR,176.95
2024-10-13,HAPO Savings - USD,USD,1991.95
2024-10-12,RBC,CAD,122276.41
2024-10-12,HAPO Checking - USD,USD,1292.75
2024-10-12,N26 - EUR,EUR,123.04
2024-10-12,Revolut - CLP,CLP,97069.0
2024-10-12,Binance,USD,33442.05
2024-10-12,RBC Bank Canada - USD,USD,5508.41
2024-10-12,Revolut - CAD,CAD,10.0
2024-10-12,WISE - EUR,EUR,986.08
2024-10-12,Trade Republic,EUR,18130.67
2024-10-12,WISE - CLP,CLP,750417.0
2024-10-12,RBC Bank US - USD,USD,655.4
2024-10-12,Revolut - EUR,EUR,419.0
2024-10-12,401k,USD,42460.51
2024-10-12,RBC Bank Canada - EUR,EUR,176.95
2024-10-12,HAPO Savings - USD,USD,1991.95
2024-10-12,RBC Bank Canada - CAD,CAD,14.57
2024-10-11,Revolut - CLP,CLP,97069.0
2024-10-11,RBC Bank Canada - EUR,EUR,176.95
2024-10-11,HAPO Checking - USD,USD,1292.75
2024-10-11,HAPO Savings - USD,USD,1991.95
2024-10-11,Revolut - CAD,CAD,10.0
2024-10-11,RBC Bank US - USD,USD,655.4
2024-10-11,RBC Bank Canada - USD,USD,5508.41
2024-10-11,WISE - EUR,EUR,986.08
2024-10-11,WISE - CLP,CLP,750417.0
2024-10-11,Binance,USD,31752.93
2024-10-11,Revolut - EUR,EUR,442.31
2024-10-11,Trade Republic,EUR,18130.67
2024-10-11,RBC,CAD,121410.09
2024-10-11,RBC Bank Canada - CAD,CAD,14.57
2024-10-11,401k,USD,42116.42
2024-10-11,N26 - EUR,EUR,123.04
2024-10-10,HAPO Savings - USD,USD,1991.95
2024-10-10,Trade Republic,EUR,20569.45
2024-10-10,RBC Bank Canada - USD,USD,5508.41
2024-10-10,RBC Bank Canada - EUR,EUR,176.95
2024-10-10,Revolut - CAD,CAD,10.0
2024-10-10,Revolut - EUR,EUR,555.63
2024-10-10,WISE - CLP,CLP,750417.0
2024-10-10,401k,USD,42155.03
2024-10-10,RBC,CAD,121208.11
2024-10-10,HAPO Checking - USD,USD,1292.75
2024-10-10,RBC Bank US - USD,USD,655.4
2024-10-10,N26 - EUR,EUR,123.04
2024-10-10,WISE - EUR,EUR,986.08
2024-10-10,Revolut - CLP,CLP,97069.0
2024-10-10,RBC Bank Canada - CAD,CAD,14.57
2024-10-10,Binance,USD,29549.78
2024-10-09,RBC Bank Canada - USD,USD,5508.41
2024-10-09,HAPO Savings - USD,USD,1991.95
2024-10-09,Revolut - EUR,EUR,555.63
2024-10-09,RBC Bank US - USD,USD,655.4
2024-10-09,RBC Bank Canada - EUR,EUR,176.95
2024-10-09,RBC,CAD,120423.61
2024-10-09,Binance,USD,30072.01
2024-10-09,WISE - CLP,CLP,750417.0
2024-10-09,Revolut - CAD,CAD,10.0
2024-10-09,401k,USD,41898.82
2024-10-09,HAPO Checking - USD,USD,1292.75
2024-10-09,Trade Republic,EUR,20685.18
2024-10-09,Revolut - CLP,CLP,97069.0
2024-10-09,N26 - EUR,EUR,123.04
2024-10-09,WISE - EUR,EUR,986.08
2024-10-09,RBC Bank Canada - CAD,CAD,14.57
2024-10-08,HAPO Savings - USD,USD,1991.95
2024-10-08,Revolut - EUR,EUR,566.88
2024-10-08,HAPO Checking - USD,USD,1292.75
2024-10-08,Binance,USD,31060.35
2024-10-08,RBC Bank Canada - EUR,EUR,176.95
2024-10-08,RBC Bank US - USD,USD,655.4
2024-10-08,N26 - EUR,EUR,123.04
2024-10-08,Trade Republic,EUR,20511.55
2024-10-08,Revolut - CLP,CLP,97069.0
2024-10-08,WISE - EUR,EUR,986.08
2024-10-08,RBC,CAD,120348.11
2024-10-08,RBC Bank Canada - CAD,CAD,14.57
2024-10-08,Revolut - CAD,CAD,10.0
2024-10-08,WISE - CLP,CLP,750417.0
2024-10-08,401k,USD,41487.54
2024-10-08,RBC Bank Canada - USD,USD,5508.41
2024-10-07,RBC Bank Canada - CAD,CAD,14.57
2024-10-07,WISE - CLP,CLP,750417.0
2024-10-07,RBC Bank US - USD,USD,655.4
2024-10-07,Revolut - CLP,CLP,97069.0
2024-10-07,Trade Republic,EUR,20344.87
2024-10-07,RBC Bank Canada - EUR,EUR,176.95
2024-10-07,WISE - EUR,EUR,986.08
2024-10-07,HAPO Checking - USD,USD,1292.75
2024-10-07,RBC Bank Canada - USD,USD,5508.41
2024-10-07,Revolut - CAD,CAD,10.0
2024-10-07,401k,USD,41924.64
2024-10-07,Revolut - EUR,EUR,566.88
2024-10-07,HAPO Savings - USD,USD,1991.95
2024-10-07,N26 - EUR,EUR,130.84
2024-10-07,RBC,CAD,120645.6
2024-10-07,Binance,USD,31453.07
2024-10-06,401k,USD,41924.64
2024-10-06,HAPO Checking - USD,USD,1292.75
2024-10-06,RBC Bank US - USD,USD,655.4
2024-10-06,Binance,USD,30354.74
2024-10-06,RBC,CAD,120645.6
2024-10-06,HAPO Savings - USD,USD,1991.95
2024-10-06,N26 - EUR,EUR,130.84
2024-10-06,Revolut - CAD,CAD,10.0
2024-10-06,Revolut - CLP,CLP,97069.0
2024-10-06,RBC Bank Canada - USD,USD,5508.41
2024-10-06,WISE - CLP,CLP,750417.0
2024-10-06,Revolut - EUR,EUR,578.36
2024-10-06,RBC Bank Canada - EUR,EUR,176.95
2024-10-06,Trade Republic,EUR,21020.11
2024-10-06,WISE - EUR,EUR,986.08
2024-10-06,RBC Bank Canada - CAD,CAD,14.57
2024-10-05,RBC Bank Canada - CAD,CAD,14.57
2024-10-05,Revolut - CAD,CAD,10.0
2024-10-05,HAPO Checking - USD,USD,1292.75
2024-10-05,RBC,CAD,120645.6
2024-10-05,Revolut - EUR,EUR,595.3
2024-10-05,RBC Bank US - USD,USD,655.4
2024-10-05,WISE - EUR,EUR,986.08
2024-10-05,401k,USD,41924.64
2024-10-05,WISE - CLP,CLP,750417.0
2024-10-05,N26 - EUR,EUR,130.84
2024-10-05,HAPO Savings - USD,USD,1991.95
2024-10-05,RBC Bank Canada - USD,USD,5508.41
2024-10-05,Trade Republic,EUR,21020.11
2024-10-05,Revolut - CLP,CLP,97069.0
2024-10-05,RBC Bank Canada - EUR,EUR,176.95
2024-10-05,Binance,USD,30480.09
2024-10-04,Trade Republic,EUR,21020.11
2024-10-04,Revolut - CLP,CLP,97069.0
2024-10-04,WISE - EUR,EUR,986.08
2024-10-04,RBC Bank Canada - USD,USD,5508.41
2024-10-04,401k,USD,41501.38
2024-10-04,HAPO Checking - USD,USD,1292.75
2024-10-04,WISE - CLP,CLP,750417.0
2024-10-04,RBC Bank US - USD,USD,655.4
2024-10-04,Revolut - CAD,CAD,10.0
2024-10-04,Binance,USD,30572.4
2024-10-04,RBC,CAD,119571.13
2024-10-04,HAPO Savings - USD,USD,1991.95
2024-10-04,N26 - EUR,EUR,130.84
2024-10-04,Revolut - EUR,EUR,638.93
2024-10-04,RBC Bank Canada - CAD,CAD,14.57
2024-10-04,RBC Bank Canada - EUR,EUR,176.95
2024-10-03,WISE - CLP,CLP,750417.0
2024-10-03,RBC Bank US - USD,USD,655.4
2024-10-03,Trade Republic,EUR,20078.5
2024-10-03,RBC Bank Canada - CAD,CAD,14.57
2024-10-03,RBC Bank Canada - USD,USD,5508.41
2024-10-03,HAPO Checking - USD,USD,1292.75
2024-10-03,HAPO Savings - USD,USD,1991.95
2024-10-03,Revolut - EUR,EUR,638.93
2024-10-03,401k,USD,41549.89
2024-10-03,Revolut - CAD,CAD,10.0
2024-10-03,RBC,CAD,119721.49
2024-10-03,WISE - EUR,EUR,986.08
2024-10-03,Revolut - CLP,CLP,97069.0
2024-10-03,RBC Bank Canada - EUR,EUR,176.95
2024-10-03,N26 - EUR,EUR,130.84
2024-10-03,Binance,USD,28657.87
2024-10-02,RBC,CAD,119450.33
2024-10-02,Trade Republic,EUR,20858.31
2024-10-02,Revolut - CLP,CLP,97069.0
2024-10-02,Revolut - CAD,CAD,10.0
2024-10-02,RBC Bank US - USD,USD,655.4
2024-10-02,N26 - EUR,EUR,130.84
2024-10-02,HAPO Checking - USD,USD,1316.59
2024-10-02,WISE - EUR,EUR,986.08
2024-10-02,RBC Bank Canada - EUR,EUR,176.95
2024-10-02,HAPO Savings - USD,USD,1991.95
2024-10-02,WISE - CLP,CLP,750417.0
2024-10-02,Binance,USD,30685.51
2024-10-02,RBC Bank Canada - USD,USD,5508.41
2024-10-02,RBC Bank Canada - CAD,CAD,14.57
2024-10-02,Revolut - EUR,EUR,663.23
2024-10-02,401k,USD,41594.14
2024-10-01,WISE - CLP,CLP,750417.0
2024-10-01,RBC Bank US - USD,USD,655.4
2024-10-01,RBC,CAD,119934.14
2024-10-01,401k,USD,42134.73
2024-10-01,RBC Bank Canada - CAD,CAD,14.57
2024-10-01,Revolut - EUR,EUR,663.23
2024-10-01,HAPO Savings - USD,USD,1991.95
2024-10-01,HAPO Checking - USD,USD,1316.59
2024-10-01,RBC Bank Canada - USD,USD,5508.41
2024-10-01,Trade Republic,EUR,21482.4
2024-10-01,Revolut - CLP,CLP,97069.0
2024-10-01,Revolut - CAD,CAD,10.0
2024-10-01,Binance,USD,29398.12
2024-10-01,WISE - EUR,EUR,986.08
2024-10-01,RBC Bank Canada - EUR,EUR,176.95
2024-10-01,N26 - EUR,EUR,190.74
2024-09-30,HAPO Savings - USD,USD,1991.36
2024-09-30,Trade Republic,EUR,21491.06
2024-09-30,WISE - EUR,EUR,986.08
2024-09-30,Revolut - CAD,CAD,10.0
2024-09-30,WISE - CLP,CLP,750417.0
2024-09-30,RBC Bank Canada - CAD,CAD,14.57
2024-09-30,RBC Bank US - USD,USD,655.4
2024-09-30,RBC Bank Canada - USD,USD,5508.41
2024-09-30,Revolut - EUR,EUR,1393.28
2024-09-30,Revolut - CLP,CLP,97069.0
2024-09-30,RBC,CAD,119861.79
2024-09-30,N26 - EUR,EUR,234.35
2024-09-30,Binance,USD,32589.63
2024-09-30,RBC Bank Canada - EUR,EUR,176.95
2024-09-30,HAPO Checking - USD,USD,1316.59
2024-09-30,401k,USD,41957.66
2024-09-29,401k,USD,41957.66
2024-09-29,Binance,USD,33760.09
2024-09-29,Revolut - CLP,CLP,97069.0
2024-09-29,RBC Bank Canada - CAD,CAD,14.57
2024-09-29,HAPO Checking - USD,USD,1316.59
2024-09-29,RBC,CAD,119861.79
2024-09-29,RBC Bank US - USD,USD,655.4
2024-09-29,Trade Republic,EUR,21491.06
2024-09-29,Revolut - CAD,CAD,10.0
2024-09-29,Revolut - EUR,EUR,1393.28
2024-09-29,WISE - CLP,CLP,750417.0
2024-09-29,WISE - EUR,EUR,986.08
2024-09-29,RBC Bank Canada - USD,USD,5508.41
2024-09-29,HAPO Savings - USD,USD,1991.36
2024-09-29,N26 - EUR,EUR,234.35
2024-09-29,RBC Bank Canada - EUR,EUR,176.95
2024-09-28,RBC Bank Canada - EUR,EUR,176.95
2024-09-28,HAPO Savings - USD,USD,1991.36
2024-09-28,Revolut - EUR,EUR,1691.44
2024-09-28,Binance,USD,32469.3
2024-09-28,401k,USD,41957.66
2024-09-28,Revolut - CLP,CLP,97069.0
2024-09-28,RBC Bank Canada - USD,USD,5508.41
2024-09-28,HAPO Checking - USD,USD,1316.59
2024-09-28,RBC,CAD,119861.79
2024-09-28,WISE - EUR,EUR,986.08
2024-09-28,N26 - EUR,EUR,234.35
2024-09-28,Trade Republic,EUR,21491.06
2024-09-28,WISE - CLP,CLP,750417.0
2024-09-28,RBC Bank US - USD,USD,655.4
2024-09-28,RBC Bank Canada - CAD,CAD,14.57
2024-09-28,Revolut - CAD,CAD,10.0
2024-09-27,Binance,USD,33302.5
2024-09-27,RBC Bank Canada - USD,USD,5508.41
2024-09-27,HAPO Savings - USD,USD,1991.36
2024-09-27,RBC Bank US - USD,USD,655.4
2024-09-27,HAPO Checking - USD,USD,1338.59
2024-09-27,401k,USD,42070.22
2024-09-27,Revolut - CLP,CLP,97069.0
2024-09-27,WISE - EUR,EUR,986.08
2024-09-27,Revolut - CAD,CAD,10.0
2024-09-27,Trade Republic,EUR,21485.58
2024-09-27,RBC,CAD,119959.31
2024-09-27,RBC Bank Canada - CAD,CAD,14.57
2024-09-27,N26 - EUR,EUR,234.35
2024-09-27,RBC Bank Canada - EUR,EUR,176.95
2024-09-27,WISE - CLP,CLP,750417.0
2024-09-27,Revolut - EUR,EUR,1691.44
2024-09-26,Revolut - CAD,CAD,10.0
2024-09-26,Binance,USD,32829.22
2024-09-26,HAPO Savings - USD,USD,1991.36
2024-09-26,RBC Bank US - USD,USD,655.4
2024-09-26,N26 - EUR,EUR,234.35
2024-09-26,RBC Bank Canada - EUR,EUR,176.95
2024-09-26,WISE - CLP,CLP,750417.0
2024-09-26,WISE - EUR,EUR,986.08
2024-09-26,Trade Republic,EUR,20986.24
2024-09-26,HAPO Checking - USD,USD,1338.59
2024-09-26,RBC Bank Canada - USD,USD,5508.41
2024-09-26,Revolut - CLP,CLP,97069.0
2024-09-26,RBC,CAD,118546.27
2024-09-26,RBC Bank Canada - CAD,CAD,14.57
2024-09-26,401k,USD,41933.19
2024-09-26,Revolut - EUR,EUR,1712.35
2024-09-25,RBC Bank Canada - EUR,EUR,176.95
2024-09-25,RBC Bank US - USD,USD,655.4
2024-09-25,401k,USD,42071.73
2024-09-25,N26 - EUR,EUR,234.35
2024-09-25,Binance,USD,32570.93
2024-09-25,WISE - EUR,EUR,986.08
2024-09-25,RBC Bank Canada - CAD,CAD,14.57
2024-09-25,RBC Bank Canada - USD,USD,5508.41
2024-09-25,RBC,CAD,118597.23
2024-09-25,Trade Republic,EUR,21241.41
2024-09-25,Revolut - CAD,CAD,10.0
2024-09-25,HAPO Checking - USD,USD,1338.59
2024-09-25,WISE - CLP,CLP,750417.0
2024-09-25,Revolut - EUR,EUR,1772.35
2024-09-25,Revolut - CLP,CLP,97069.0
2024-09-25,HAPO Savings - USD,USD,2001.97
2024-09-24,WISE - CLP,CLP,902301.0
2024-09-24,RBC Bank Canada - USD,USD,5508.41
2024-09-24,WISE - EUR,EUR,986.08
2024-09-24,Revolut - EUR,EUR,1777.64
2024-09-24,RBC Bank Canada - EUR,EUR,176.95
2024-09-24,N26 - EUR,EUR,234.35
2024-09-24,RBC Bank US - USD,USD,655.4
2024-09-24,Trade Republic,EUR,20993.43
2024-09-24,Revolut - CAD,CAD,10.0
2024-09-24,Revolut - CLP,CLP,97069.0
2024-09-24,HAPO Checking - USD,USD,1338.59
2024-09-24,Binance,USD,33054.5
2024-09-24,RBC Bank Canada - CAD,CAD,14.57
2024-09-24,HAPO Savings - USD,USD,2001.97
2024-09-24,401k,USD,42001.7
2024-09-24,RBC,CAD,118303.42
2024-09-23,N26 - EUR,EUR,234.35
2024-09-23,Revolut - CLP,CLP,97069.0
2024-09-23,Binance,USD,32049.46
2024-09-23,HAPO Checking - USD,USD,1338.59
2024-09-23,RBC,CAD,118326.07
2024-09-23,RBC Bank Canada - USD,USD,5508.41
2024-09-23,RBC Bank US - USD,USD,655.4
2024-09-23,RBC Bank Canada - EUR,EUR,176.95
2024-09-23,Trade Republic,EUR,20538.17
2024-09-23,WISE - CLP,CLP,902301.0
2024-09-23,Revolut - EUR,EUR,1813.44
2024-09-23,HAPO Savings - USD,USD,2001.97
2024-09-23,Revolut - CAD,CAD,10.0
2024-09-23,401k,USD,42002.24
2024-09-23,WISE - EUR,EUR,986.08
2024-09-23,RBC Bank Canada - CAD,CAD,14.57
2024-09-22,WISE - CLP,CLP,902301.0
2024-09-22,RBC,CAD,118326.07
2024-09-22,401k,USD,42002.24
2024-09-22,Revolut - CLP,CLP,97069.0
2024-09-22,WISE - EUR,EUR,986.08
2024-09-22,Revolut - EUR,EUR,1817.05
2024-09-22,RBC Bank Canada - CAD,CAD,14.57
2024-09-22,RBC Bank Canada - USD,USD,5508.41
2024-09-22,HAPO Savings - USD,USD,2001.97
2024-09-22,N26 - EUR,EUR,234.35
2024-09-22,Revolut - CAD,CAD,10.0
2024-09-22,Binance,USD,31195.68
2024-09-22,RBC Bank US - USD,USD,655.4
2024-09-22,RBC Bank Canada - EUR,EUR,176.95
2024-09-22,HAPO Checking - USD,USD,1338.59
2024-09-22,Trade Republic,EUR,19770.83
2024-09-21,Trade Republic,EUR,19770.83
2024-09-21,401k,USD,42002.24
2024-09-21,Binance,USD,31490.65
2024-09-21,RBC,CAD,118326.07
2024-09-20,401k,USD,42215.31
2024-09-20,Trade Republic,EUR,19842.99
2024-09-20,RBC,CAD,118590.93
2024-09-20,Binance,USD,30956.7
2024-09-19,Trade Republic,EUR,20159.96
2024-09-19,401k,USD,41373.12
2024-09-19,Binance,USD,30566.16
2024-09-19,RBC,CAD,116982.86
2024-09-18,Trade Republic,EUR,18919.98
2024-09-18,401k,USD,41475.6
2024-09-18,RBC,CAD,117249.62
2024-09-18,Binance,USD,28504.29
2024-09-17,401k,USD,41412.81
2024-09-17,Binance,USD,28118.57
2024-09-17,RBC,CAD,117282.33
2024-09-17,Trade Republic,EUR,19334.14
2024-09-16,401k,USD,41413.83
2024-09-16,RBC,CAD,116877.17
2024-09-16,Trade Republic,EUR,19147.25
2024-09-16,Binance,USD,28165.54
2024-09-15,RBC,CAD,116877.17
2024-09-15,Binance,USD,28443.28
2024-09-15,401k,USD,41413.83
2024-09-15,Trade Republic,EUR,19210.23
2024-09-14,401k,USD,41413.83
2024-09-14,Trade Republic,EUR,19210.23
2024-09-14,Binance,USD,28438.4
2024-09-14,RBC,CAD,116877.17
2024-09-13,Trade Republic,EUR,19133.37
2024-09-13,401k,USD,41100.84
2024-09-13,Binance,USD,28287.03
2024-09-13,RBC,CAD,116306.54
2024-09-12,RBC,CAD,115193.6
2024-09-12,Trade Republic,EUR,19213.62
2024-09-12,Binance,USD,28410.96
2024-09-12,401k,USD,40713.09
2024-09-11,RBC,CAD,114428.57
2024-09-11,Trade Republic,EUR,16838.9
2024-09-11,Binance,USD,28223.89
2024-09-11,401k,USD,40217.8
2024-09-10,Binance,USD,28320.07
2024-09-10,401k,USD,40058.26
2024-09-10,RBC,CAD,114176.91
2024-09-10,Trade Republic,EUR,17018.87
2024-09-09,Trade Republic,EUR,16305.08
2024-09-09,Binance,USD,27924.79
2024-09-09,401k,USD,39717.74
2024-09-09,RBC,CAD,112986.59
2024-09-08,Binance,USD,27512.51
2024-09-08,RBC,CAD,112986.59
2024-09-08,Trade Republic,EUR,15696.38
2024-09-08,401k,USD,39717.74
2024-09-07,401k,USD,39717.74
2024-09-07,RBC,CAD,112986.59
2024-09-07,Trade Republic,EUR,15696.38
2024-09-07,Binance,USD,27304.44
2024-09-06,Binance,USD,27050.1
2024-09-06,RBC,CAD,114326.02
2024-09-06,401k,USD,40467.55
2024-09-06,Trade Republic,EUR,19139.08
2024-09-05,401k,USD,40504.35
2024-09-05,Trade Republic,EUR,19194.54
2024-09-05,Binance,USD,27014.55
2024-09-05,RBC,CAD,114516.02
2024-09-04,Trade Republic,EUR,18461.31
2024-09-04,RBC,CAD,114983.47
2024-09-04,Binance,USD,27162.35
2024-09-04,401k,USD,40682.73
2024-09-03,Trade Republic,EUR,17859.34
2024-09-03,Binance,USD,26975.64
2024-09-03,RBC,CAD,116606.01
2024-09-03,401k,USD,41679.05
2024-09-02,Trade Republic,EUR,18377.94
2024-09-02,401k,USD,41679.05
2024-09-02,Binance,USD,26937.53
2024-09-02,RBC,CAD,116606.01
2024-09-01,Binance,USD,26962.54
2024-09-01,RBC,CAD,116606.01
2024-09-01,Trade Republic,EUR,18378.84
2024-09-01,401k,USD,41679.05
2024-08-31,401k,USD,41679.05
2024-08-31,RBC,CAD,116606.01
2024-08-31,Trade Republic,EUR,18378.84
2024-08-31,Binance,USD,26950.97
2024-08-30,Binance,USD,27048.01
2024-08-30,Trade Republic,EUR,18379.75
2024-08-30,RBC,CAD,115880.62
2024-08-30,401k,USD,41285.61
2024-08-29,Trade Republic,EUR,18141.0
2024-08-29,401k,USD,41272.33
2024-08-29,Binance,USD,27059.56
2024-08-29,RBC,CAD,115571.08
2024-08-28,RBC,CAD,116045.45
2024-08-28,401k,USD,41532.37
2024-08-28,Trade Republic,EUR,18126.24
2024-08-28,Binance,USD,29416.33
2024-08-27,RBC,CAD,116212.17
2024-08-27,401k,USD,41509.85
2024-08-27,Binance,USD,29884.81
2024-08-27,Trade Republic,EUR,18223.99
2024-08-26,RBC,CAD,116592.8
2024-08-26,Binance,USD,30791.76
2024-08-26,Trade Republic,EUR,18336.0
2024-08-26,401k,USD,41709.38
2024-08-25,401k,USD,41709.38
2024-08-25,Trade Republic,EUR,18809.81
2024-08-25,Binance,USD,31196.84
2024-08-25,RBC,CAD,116592.8
2024-08-24,Trade Republic,EUR,18809.81
2024-08-24,RBC,CAD,116592.8
2024-08-24,Binance,USD,31158.73
2024-08-24,401k,USD,41709.38
2024-08-23,Trade Republic,EUR,18806.18
2024-08-23,401k,USD,41125.59
2024-08-23,Binance,USD,29862.61
2024-08-23,RBC,CAD,115765.48
2024-08-22,401k,USD,41545.59
2024-08-22,RBC,CAD,116409.09
2024-08-22,Trade Republic,EUR,18218.72
2024-08-22,Binance,USD,27921.78
2024-08-21,WISE - EUR,EUR,986.08
2024-08-21,RBC Bank Canada - EUR,EUR,176.95
2024-08-21,Revolut - CAD,CAD,10.0
2024-08-21,Revolut - EUR,EUR,1813.44
2024-08-21,401k,USD,41306.18
2024-08-21,WISE - USD,USD,2000.0
2024-08-21,RBC Bank Canada - USD,USD,5508.41
2024-08-21,HAPO Savings - USD,USD,2001.97
2024-08-21,RBC Bank US - USD,USD,655.4
2024-08-21,RBC Bank Canada - CAD,CAD,14.57
2024-08-21,Revolut - CLP,CLP,97069.0
2024-08-21,RBC,CAD,115968.07
2024-08-21,HAPO Checking - USD,USD,1338.59
2024-08-21,Trade Republic,EUR,19060.77
2024-08-21,N26 - EUR,EUR,234.35
2024-08-21,Binance,USD,27370.9
2024-08-21,WISE - CLP,CLP,902301.0
